<!--
* Copyright (C) 2012, Freescale Semiconductor, Inc. All Rights Reserved.
* Copyright 2017 NXP
* The CFG element contains a list of recognized usb devices.
*  DEV elements provide a name, class, vid and pid for each device.
*
* Each LIST element contains a list of update instructions.
*  "Install" - Erase media and install firmware.
*  "Update" - Update firmware only.
*
* Each CMD element contains one update instruction of attribute type.
*  "pull" - Does UtpRead(body, file) transaction.
*  "push" - Does UtpWrite(body, file) transaction.
*  "drop" - Does UtpCommand(body) then waits for device to disconnect.
*  "boot" - Finds configured device, forces it to "body" device and downloads "file".
*  "find" - Waits for "timeout" seconds for the "body" device to connect.
*  "show" - Parse and show device info in "file".  
-->


<UCL>
  <CFG>
    <STATE name="BootStrap" dev="MX6SL" vid="15A2" pid="0063"/>
    <STATE name="BootStrap" dev="MX6SLL" vid="1FC9" pid="0128"/>
    <STATE name="BootStrap" dev="MX6D" vid="15A2" pid="0061"/>
    <STATE name="BootStrap" dev="MX6Q" vid="15A2" pid="0054"/>
    <STATE name="BootStrap" dev="MX6SX" vid="15A2" pid="0071"/>
    <STATE name="BootStrap" dev="MX6UL" vid="15A2" pid="007D"/>
    <STATE name="BootStrap" dev="MX7D" vid="15A2" pid="0076"/>
    <STATE name="BootStrap" dev="MX6ULL" vid="15A2" pid="0080"/>
    <STATE name="BootStrap" dev="MX7ULP" vid="1FC9" pid="0126"/>
    <STATE name="Updater"   dev="MSC" vid="066F" pid="37FF"/>
  </CFG>

  

  <LIST name="SDCard" desc="Choose SD Card as media">
    <!--
	<CMD state="BootStrap" type="boot" body="BootStrap" file ="firmware/u-boot-imx6ul7d.imx" ifdev="MX6Q">Loading U-boot</CMD>
	<CMD state="BootStrap" type="boot" body="BootStrap" file ="firmware/u-boot-imx6ul7d.imx" ifdev="MX6D">Loading U-boot</CMD>
	<CMD state="BootStrap" type="boot" body="BootStrap" file ="firmware/u-boot-imx6ul7d.imx" ifdev="MX6SL">Loading U-boot</CMD>
	<CMD state="BootStrap" type="boot" body="BootStrap" file ="firmware/u-boot-imx6ul7d.imx" ifdev="MX6SLL">Loading U-boot</CMD>
	<CMD state="BootStrap" type="boot" body="BootStrap" file ="firmware/u-boot-imx6ul7d.imx" ifdev="MX6SX">Loading U-boot</CMD>
	<CMD state="BootStrap" type="boot" body="BootStrap" file ="firmware/u-boot-imx6ul7d.imx" ifdev="MX7D">Loading U-boot</CMD>
	-->
	<CMD state="BootStrap" type="boot" body="BootStrap" file ="firmware/u-boot-imx6ul%6uluboot%_sd.imx" ifdev="MX6UL">Loading U-boot</CMD>
	<!--
	<CMD state="BootStrap" type="boot" body="BootStrap" file ="firmware/u-boot-imx6ul7d.imx" ifdev="MX6ULL">Loading U-boot</CMD>
	<CMD state="BootStrap" type="boot" body="BootStrap" file ="firmware/u-boot-imx6ul7d.imx" ifdev="MX7ULP">Loading U-boot</CMD>
	-->
	<!--
	<CMD state="BootStrap" type="load" file="firmware/zImage" address="0x12000000"
		loadSection="OTH" setSection="OTH" HasFlashHeader="FALSE" ifdev="MX6Q MX6D">Loading Kernel.</CMD>
	-->
	<CMD state="BootStrap" type="load" file="firmware/zImage" address="0x80800000"
		loadSection="OTH" setSection="OTH" HasFlashHeader="FALSE" ifdev="MX6SL MX6SLL MX6SX MX7D MX6UL MX6ULL">Loading Kernel.</CMD>
	<!--
	<CMD state="BootStrap" type="load" file="firmware/zImage" address="0x60800000"
		loadSection="OTH" setSection="OTH" HasFlashHeader="FALSE" ifdev="MX7ULP">Loading Kernel.</CMD>
	-->

	<!--
	<CMD state="BootStrap" type="load" file="firmware/%initramfs%" address="0x12C00000"
		loadSection="OTH" setSection="OTH" HasFlashHeader="FALSE" ifdev="MX6Q MX6D">Loading Initramfs.</CMD>
	-->
	<CMD state="BootStrap" type="load" file="firmware/%initramfs%" address="0x83800000"
		loadSection="OTH" setSection="OTH" HasFlashHeader="FALSE" ifdev="MX6SL MX6SLL MX6SX MX7D MX6UL MX6ULL">Loading Initramfs.</CMD>
	<!--
	<CMD state="BootStrap" type="load" file="firmware/%initramfs%" address="0x63800000"
		loadSection="OTH" setSection="OTH" HasFlashHeader="FALSE" ifdev="MX7ULP">Loading Initramfs.</CMD>
	-->

	<!--
	<CMD state="BootStrap" type="load" file="firmware/zImage-imx6q%plus%-%board%%ldo%.dtb" address="0x18000000"
		loadSection="OTH" setSection="OTH" HasFlashHeader="FALSE" ifdev="MX6Q">Loading device tree.</CMD>
	<CMD state="BootStrap" type="load" file="firmware/zImage-imx6dl-%board%%ldo%.dtb" address="0x18000000"
		loadSection="OTH" setSection="OTH" HasFlashHeader="FALSE" ifdev="MX6D">Loading device tree.</CMD>
	<CMD state="BootStrap" type="load" file="firmware/zImage-imx6sl-evk%ldo%.dtb" address="0x83000000"
		loadSection="OTH" setSection="OTH" HasFlashHeader="FALSE" ifdev="MX6SL">Loading device tree.</CMD>
	<CMD state="BootStrap" type="load" file="firmware/zImage-imx6sll-%slldtb%.dtb" address="0x83000000"
		loadSection="OTH" setSection="OTH" HasFlashHeader="FALSE" ifdev="MX6SLL">Loading device tree.</CMD>
	<CMD state="BootStrap" type="load" file="firmware/zImage-imx6sx-%sxdtb%.dtb" address="0x83000000"
		loadSection="OTH" setSection="OTH" HasFlashHeader="FALSE" ifdev="MX6SX">Loading device tree.</CMD>
	<CMD state="BootStrap" type="load" file="firmware/zImage-imx7d-%7ddtb%.dtb" address="0x83000000"
		loadSection="OTH" setSection="OTH" HasFlashHeader="FALSE" ifdev="MX7D">Loading device tree.</CMD> 
	-->
	<CMD state="BootStrap" type="load" file="firmware/zImage-imx6ul-%6uldtb%%ldo%.dtb" address="0x83000000"
		loadSection="OTH" setSection="OTH" HasFlashHeader="FALSE" ifdev="MX6UL">Loading device tree.</CMD>
	<!--
	<CMD state="BootStrap" type="load" file="firmware/zImage-imx6ull-%6ulldtb%%ldo%.dtb" address="0x83000000"
		loadSection="OTH" setSection="OTH" HasFlashHeader="FALSE" ifdev="MX6ULL">Loading device tree.</CMD>
	-->
	<!--
	<CMD state="BootStrap" type="load" file="firmware/zImage-imx7ulp-%7ulpdtb%.dtb" address="0x63000000"
		loadSection="OTH" setSection="OTH" HasFlashHeader="FALSE" ifdev="MX7ULP">Loading device tree.</CMD>
	-->


	<CMD state="BootStrap" type="jump" > Jumping to OS image. </CMD>


	<!-- create partition -->
	<CMD state="Updater" type="push" body="send" file="mksdcard.sh.tar">Sending partition shell</CMD>
	<CMD state="Updater" type="push" body="$ tar xf $FILE "> Partitioning...</CMD>
	<CMD state="Updater" type="push" body="$ sh mksdcard.sh /dev/mmcblk%mmc%"> Partitioning...</CMD>

	<!-- burn uboot -->
	<!--
	<CMD state="Updater" type="push" body="send" file="files/u-boot-imx6ul7d.imx" ifdev="MX6Q">Sending u-boot.bin</CMD>
	<CMD state="Updater" type="push" body="send" file="files/u-boot-imx6ul7d.imx" ifdev="MX6D">Sending u-boot.bin</CMD>
	<CMD state="Updater" type="push" body="send" file="files/u-boot-imx6ul7d.imx" ifdev="MX6SL">Sending u-boot.bin</CMD>
	<CMD state="Updater" type="push" body="send" file="files/u-boot-imx6ul7d.imx" ifdev="MX6SLL">Sending u-boot.bin</CMD>
	<CMD state="Updater" type="push" body="send" file="files/u-boot-imx6ul7d.imx" ifdev="MX6SX">Sending u-boot.bin</CMD>
	<CMD state="Updater" type="push" body="send" file="files/u-boot-imx6ul7d.imx" ifdev="MX7D">Sending u-boot.bin</CMD>
	-->
	<CMD state="Updater" type="push" body="send" file="files/u-boot-imx6ul7d.imx" ifdev="MX6UL">Sending u-boot.bin</CMD>
	<!--
	<CMD state="Updater" type="push" body="send" file="files/u-boot-imx6ul7d.imx" ifdev="MX6ULL">Sending u-boot.bin</CMD>
	<CMD state="Updater" type="push" body="send" file="files/u-boot-imx6ul7d.imx" ifdev="MX7ULP">Sending u-boot.bin</CMD>
	-->

	<CMD state="Updater" type="push" body="$ dd if=/dev/zero of=/dev/mmcblk%mmc% bs=1k seek=768 conv=fsync count=136">clear u-boot arg</CMD>
	<CMD state="Updater" type="push" body="$ dd if=$FILE of=/dev/mmcblk%mmc% bs=1k seek=1 conv=fsync">write u-boot.bin to sd card</CMD>

	<CMD state="Updater" type="push" body="$ while [ ! -e /dev/mmcblk%mmc%p1 ]; do sleep 1; echo waiting...; done ">Waiting for the partition ready</CMD>
	<CMD state="Updater" type="push" body="$ mkfs.vfat /dev/mmcblk%mmc%p1">Formatting rootfs partition</CMD>
	<CMD state="Updater" type="push" body="$ mkdir -p /mnt/mmcblk%mmc%p1"/>
	<CMD state="Updater" type="push" body="$ mount -t vfat /dev/mmcblk%mmc%p1 /mnt/mmcblk%mmc%p1"/>

	<!-- burn zImage -->
	<CMD state="Updater" type="push" body="send" file="files/zImage">Sending kernel</CMD>
	<CMD state="Updater" type="push" body="$ cp $FILE /mnt/mmcblk%mmc%p1/zImage">write kernel image to sd card</CMD>

	<!-- burn dtb -->
	<!-- 
	<CMD state="Updater" type="push" body="send" file="files/zImage-imx6q%plus%-%board%%ldo%.dtb" ifdev="MX6Q">Sending Device Tree file</CMD>
	<CMD state="Updater" type="push" body="send" file="files/zImage-imx6dl-%board%%ldo%.dtb" ifdev="MX6D">Sending Device Tree file</CMD>
	<CMD state="Updater" type="push" body="send" file="files/zImage-imx6sl-evk%ldo%.dtb" ifdev="MX6SL">Sending Device Tree file</CMD>
	<CMD state="Updater" type="push" body="send" file="files/zImage-imx6sll-%slldtb%.dtb" ifdev="MX6SLL">Sending Device Tree file</CMD>
	<CMD state="Updater" type="push" body="send" file="files/zImage-imx6sx-%sxdtb%.dtb" ifdev="MX6SX">Sending Device Tree file</CMD>
	<CMD state="Updater" type="push" body="send" file="files/zImage-imx7d-%7ddtb%.dtb" ifdev="MX7D">Sending Device Tree file</CMD>
	-->
	<CMD state="Updater" type="push" body="send" file="files/zImage-imx6ul-%6uldtb%%ldo%.dtb" ifdev="MX6UL">Sending Device Tree file</CMD>
	<!--
	<CMD state="Updater" type="push" body="send" file="files/zImage-imx6ull-%6ulldtb%%ldo%.dtb" ifdev="MX6ULL">Sending Device Tree file</CMD>
	-->
	<!--
	<CMD state="Updater" type="push" body="send" file="files/zImage-imx7ulp-%7ulpdtb%.dtb" ifdev="MX7ULP">Sending Device Tree file</CMD>
	-->

	<!--
	<CMD state="Updater" type="push" body="$ cp $FILE /mnt/mmcblk%mmc%p1/imx6q%plus%-%board%.dtb" ifdev="MX6Q">write device tree to sd card</CMD>
	<CMD state="Updater" type="push" body="$ cp $FILE /mnt/mmcblk%mmc%p1/imx6dl-%board%.dtb" ifdev="MX6D">write device tree to sd card</CMD>
	<CMD state="Updater" type="push" body="$ cp $FILE /mnt/mmcblk%mmc%p1/imx6sl-evk.dtb" ifdev="MX6SL">write device tree to sd card</CMD>
	<CMD state="Updater" type="push" body="$ cp $FILE /mnt/mmcblk%mmc%p1/imx6sll-%slldtb%.dtb" ifdev="MX6SLL">write device tree to sd card</CMD>
	<CMD state="Updater" type="push" body="$ cp $FILE /mnt/mmcblk%mmc%p1/imx6sx-%sxdtb%.dtb" ifdev="MX6SX">write device tree to sd card</CMD>
	<CMD state="Updater" type="push" body="$ cp $FILE /mnt/mmcblk%mmc%p1/imx7d-%7ddtb%.dtb" ifdev="MX7D">write device tree to sd card</CMD>
	-->
	<CMD state="Updater" type="push" body="$ cp $FILE /mnt/mmcblk%mmc%p1/imx6ul-%6uldtb%.dtb" ifdev="MX6UL">write device tree to sd card</CMD>
	<CMD state="Updater" type="push" body="$ cp $FILE /mnt/mmcblk%mmc%p1/imx6ull-%6uldtb%.dtb" ifdev="MX6ULL">write device tree to sd card</CMD>
	<CMD state="Updater" type="push" body="$ cp $FILE /mnt/mmcblk%mmc%p1/imx7ulp-%7ulpdtb%.dtb" ifdev="MX7ULP">write device tree to sd card</CMD>

	<!-- burn m4 demo bins-->
	<!--
	<CMD state="Updater" type="push" body="send" file="files/imx7d_sabresd_m4_TCM_helloworld.bin" ifdev="MX7D">Sending helloworld demo</CMD>
	<CMD state="Updater" type="push" body="$ cp $FILE /mnt/mmcblk%mmc%p1/imx7d_sabresd_m4_TCM_helloworld.bin" ifdev="MX7D">write demo image to sd card</CMD>
	<CMD state="Updater" type="push" body="send" file="files/imx7d_sabresd_m4_TCM_mcctty.bin" ifdev="MX7D">Sending mcctty demo</CMD>
	<CMD state="Updater" type="push" body="$ cp $FILE /mnt/mmcblk%mmc%p1/imx7d_sabresd_m4_TCM_mcctty.bin" ifdev="MX7D">write demo image to sd card</CMD>
	<CMD state="Updater" type="push" body="send" file="files/imx7d_sabresd_m4_TCM_Pingpang.bin" ifdev="MX7D">Sending pingpong demo</CMD>
	<CMD state="Updater" type="push" body="$ cp $FILE /mnt/mmcblk%mmc%p1/imx7d_sabresd_m4_TCM_Pingpang.bin" ifdev="MX7D">write demo image to sd card</CMD>
	-->


	<CMD state="Updater" type="push" body="$ umount /mnt/mmcblk%mmc%p1">Unmounting vfat partition</CMD>

	<!-- burn rootfs -->
	<CMD state="Updater" type="push" body="$ mkfs.ext3 -F -j /dev/mmcblk%mmc%p2">Formatting rootfs partition</CMD>
	<CMD state="Updater" type="push" body="$ mkdir -p /mnt/mmcblk%mmc%p2"/>
	<CMD state="Updater" type="push" body="$ mount -t ext3 /dev/mmcblk%mmc%p2 /mnt/mmcblk%mmc%p2"/>
	<!--
	<CMD state="Updater" type="push" body="pipe tar -jxv -C /mnt/mmcblk%mmc%p2" file="files/rootfs.tar.bz2" ifdev="MX6SL MX6SLL MX6D MX6Q MX6SX">Sending and writting rootfs</CMD>
	-->
	<CMD state="Updater" type="push" body="pipe tar -jxv -C /mnt/mmcblk%mmc%p2" file="files/fsl-image-validation-imx-imx6ul7d.tar.bz2" ifdev="MX6UL MX7D MX6ULL">Sending and writting rootfs</CMD>
	<!--
	<CMD state="Updater" type="push" body="pipe tar -jxv -C /mnt/mmcblk%mmc%p2" file="files/rootfs_7ulp.tar.bz2" ifdev="MX7ULP">Sending and writting rootfs</CMD>
	-->
	<CMD state="Updater" type="push" body="frf">Finishing rootfs write</CMD>
	<CMD state="Updater" type="push" body="$ umount /mnt/mmcblk%mmc%p2">Unmounting rootfs partition</CMD>
	<CMD state="Updater" type="push" body="$ echo Update Complete!">Done</CMD>
  </LIST>
  <LIST name="eMMC" desc="Choose eMMC as media">
	<CMD state="BootStrap" type="boot" body="BootStrap" file ="firmware/u-boot-imx6q%plus%%board%_sd.imx" ifdev="MX6Q">Loading U-boot</CMD>
	<CMD state="BootStrap" type="boot" body="BootStrap" file ="firmware/u-boot-imx6dl%board%_sd.imx" ifdev="MX6D">Loading U-boot</CMD>
	<CMD state="BootStrap" type="boot" body="BootStrap" file ="firmware/u-boot-imx6slevk_sd.imx" ifdev="MX6SL">Loading U-boot</CMD>
	<CMD state="BootStrap" type="boot" body="BootStrap" file ="firmware/u-boot-imx6sll%slluboot%_sd.imx" ifdev="MX6SLL">Loading U-boot</CMD>
	<CMD state="BootStrap" type="boot" body="BootStrap" file ="firmware/u-boot-imx6sx%board%_emmc.imx" ifdev="MX6SX">Loading U-boot</CMD>
	<CMD state="BootStrap" type="boot" body="BootStrap" file ="firmware/u-boot-imx7d%7duboot%_sd.imx" ifdev="MX7D">Loading U-boot</CMD>
	<CMD state="BootStrap" type="boot" body="BootStrap" file ="firmware/u-boot-imx6ul%6uluboot%_emmc.imx" ifdev="MX6UL">Loading U-boot</CMD>
	<CMD state="BootStrap" type="boot" body="BootStrap" file ="firmware/u-boot-imx6ull%6uluboot%_emmc.imx" ifdev="MX6ULL">Loading U-boot</CMD>
	<CMD state="BootStrap" type="boot" body="BootStrap" file ="firmware/u-boot-imx7ulp%7ulpuboot%_emmc.imx" ifdev="MX7ULP">Loading U-boot</CMD>
		
	<CMD state="BootStrap" type="load" file="firmware/zImage" address="0x12000000"
		loadSection="OTH" setSection="OTH" HasFlashHeader="FALSE" ifdev="MX6Q MX6D">Loading Kernel.</CMD>
	<CMD state="BootStrap" type="load" file="firmware/zImage" address="0x80800000"
		loadSection="OTH" setSection="OTH" HasFlashHeader="FALSE" ifdev="MX6SL MX6SLL MX6SX MX7D MX6UL MX6ULL">Loading Kernel.</CMD>
	<CMD state="BootStrap" type="load" file="firmware/zImage" address="0x60800000"
		loadSection="OTH" setSection="OTH" HasFlashHeader="FALSE" ifdev="MX7ULP">Loading Kernel.</CMD>

	<CMD state="BootStrap" type="load" file="firmware/%initramfs%" address="0x12C00000"
		loadSection="OTH" setSection="OTH" HasFlashHeader="FALSE" ifdev="MX6Q MX6D">Loading Initramfs.</CMD>
	<CMD state="BootStrap" type="load" file="firmware/%initramfs%" address="0x83800000"
		loadSection="OTH" setSection="OTH" HasFlashHeader="FALSE" ifdev="MX6SL MX6SLL MX6SX MX7D MX6UL MX6ULL">Loading Initramfs.</CMD>
	<CMD state="BootStrap" type="load" file="firmware/%initramfs%" address="0x63800000"
		loadSection="OTH" setSection="OTH" HasFlashHeader="FALSE" ifdev="MX7ULP">Loading Initramfs.</CMD>

	<CMD state="BootStrap" type="load" file="firmware/zImage-imx6q%plus%-%board%%ldo%.dtb" address="0x18000000"
		loadSection="OTH" setSection="OTH" HasFlashHeader="FALSE" ifdev="MX6Q">Loading device tree.</CMD>
	<CMD state="BootStrap" type="load" file="firmware/zImage-imx6dl-%board%%ldo%.dtb" address="0x18000000"
		loadSection="OTH" setSection="OTH" HasFlashHeader="FALSE" ifdev="MX6D">Loading device tree.</CMD>
	<CMD state="BootStrap" type="load" file="firmware/zImage-imx6sx-%sxdtb%-emmc.dtb" address="0x83000000"
		loadSection="OTH" setSection="OTH" HasFlashHeader="FALSE" ifdev="MX6SX">Loading device tree.</CMD>
	<CMD state="BootStrap" type="load" file="firmware/zImage-imx6sl-evk%ldo%.dtb" address="0x83000000"
		loadSection="OTH" setSection="OTH" HasFlashHeader="FALSE" ifdev="MX6SL">Loading device tree.</CMD>
	<CMD state="BootStrap" type="load" file="firmware/zImage-imx6sll-%slldtb%.dtb" address="0x83000000"
		loadSection="OTH" setSection="OTH" HasFlashHeader="FALSE" ifdev="MX6SLL">Loading device tree.</CMD>
	<CMD state="BootStrap" type="load" file="firmware/zImage-imx7d-%7ddtb%.dtb" address="0x83000000"
		loadSection="OTH" setSection="OTH" HasFlashHeader="FALSE" ifdev="MX7D">Loading device tree.</CMD>
	<CMD state="BootStrap" type="load" file="firmware/zImage-imx6ul-%6uldtb%-emmc.dtb" address="0x83000000"
		loadSection="OTH" setSection="OTH" HasFlashHeader="FALSE" ifdev="MX6UL">Loading device tree.</CMD>
	<CMD state="BootStrap" type="load" file="firmware/zImage-imx6ull-%6uldtb%-emmc.dtb" address="0x83000000"
		loadSection="OTH" setSection="OTH" HasFlashHeader="FALSE" ifdev="MX6ULL">Loading device tree.</CMD>
	<CMD state="BootStrap" type="load" file="firmware/zImage-imx7ulp-%7ulpdtb%-emmc.dtb" address="0x63000000"
		loadSection="OTH" setSection="OTH" HasFlashHeader="FALSE" ifdev="MX7ULP">Loading device tree.</CMD>

	<CMD state="BootStrap" type="jump" > Jumping to OS image. </CMD>

	<!-- wait /dev/mmcblk%mmc% ready -->
	<CMD state="Updater" type="push" body="$ sleep 1 ">Sleep 1s to wait /dev/mmcblk%mmc% ready</CMD>

	<!-- create partition -->
	<CMD state="Updater" type="push" body="send" file="mksdcard.sh.tar">Sending partition shell</CMD>
	<CMD state="Updater" type="push" body="$ tar xf $FILE "> Partitioning...</CMD>
	<CMD state="Updater" type="push" body="$ sh mksdcard.sh /dev/mmcblk%mmc%"> Partitioning...</CMD>

	<!-- burn uboot -->
	<CMD state="Updater" type="push" body="$ dd if=/dev/zero of=/dev/mmcblk%mmc% bs=1k seek=768 conv=fsync count=136">clear u-boot arg</CMD>
	<!-- access boot partition -->
	<CMD state="Updater" type="push" body="$ echo 0 > /sys/block/mmcblk%mmc%boot0/force_ro">access boot partition 1</CMD>
	<CMD state="Updater" type="push" body="send" file="files/u-boot-imx6q%plus%%board%_sd.imx" ifdev="MX6Q">Sending u-boot.bin</CMD>
	<CMD state="Updater" type="push" body="send" file="files/u-boot-imx6dl%board%_sd.imx" ifdev="MX6D">Sending u-boot.bin</CMD>
	<CMD state="Updater" type="push" body="send" file="files/u-boot-imx6slevk_sd.imx" ifdev="MX6SL">Sending u-boot.bin</CMD>
	<CMD state="Updater" type="push" body="send" file="files/u-boot-imx6sll%slluboot%_sd.imx" ifdev="MX6SLL">Sending u-boot.bin</CMD>
	<CMD state="Updater" type="push" body="send" file="files/u-boot-imx6sx%board%_emmc.imx" ifdev="MX6SX">Sending u-boot.bin</CMD>
	<CMD state="Updater" type="push" body="send" file="files/u-boot-imx7d%7duboot%_sd.imx" ifdev="MX7D">Sending u-boot.bin</CMD>
	<CMD state="Updater" type="push" body="send" file="files/u-boot-imx6ul%6uluboot%_emmc.imx" ifdev="MX6UL">Sending u-boot.bin</CMD>
	<CMD state="Updater" type="push" body="send" file="files/u-boot-imx6ull%6uluboot%_emmc.imx" ifdev="MX6ULL">Sending u-boot.bin</CMD>
	<CMD state="Updater" type="push" body="send" file="files/u-boot-imx7ulp%7ulpuboot%_emmc.imx" ifdev="MX7ULP">Sending u-boot.bin</CMD>
	<CMD state="Updater" type="push" body="$ dd if=$FILE of=/dev/mmcblk%mmc%boot0 bs=512 seek=2">write U-Boot to sd card</CMD>
	<CMD state="Updater" type="push" body="$ echo 1 > /sys/block/mmcblk%mmc%boot0/force_ro"> re-enable read-only access </CMD>
	<CMD state="Updater" type="push" body="$ mmc bootpart enable 1 1 /dev/mmcblk%mmc%">enable boot partion 1 to boot</CMD>

	<!-- create fat partition -->
	<CMD state="Updater" type="push" body="$ while [ ! -e /dev/mmcblk%mmc%p1 ]; do sleep 1; echo waiting...; done ">Waiting for the partition ready</CMD>
	<CMD state="Updater" type="push" body="$ mkfs.vfat /dev/mmcblk%mmc%p1">Formatting rootfs partition</CMD>
	<CMD state="Updater" type="push" body="$ mkdir -p /mnt/mmcblk%mmc%p1"/>
	<CMD state="Updater" type="push" body="$ mount -t vfat /dev/mmcblk%mmc%p1 /mnt/mmcblk%mmc%p1"/>

	<!-- burn zImage -->
	<CMD state="Updater" type="push" body="send" file="files/zImage">Sending kernel zImage</CMD>
	<CMD state="Updater" type="push" body="$ cp $FILE /mnt/mmcblk%mmc%p1/zImage">write kernel image to sd card</CMD>

	<!-- burn dtb -->
	<CMD state="Updater" type="push" body="send" file="files/zImage-imx6q%plus%-%board%%ldo%.dtb" ifdev="MX6Q">Sending Device Tree file</CMD>
	<CMD state="Updater" type="push" body="send" file="files/zImage-imx6dl-%board%%ldo%.dtb" ifdev="MX6D">Sending Device Tree file</CMD>
	<CMD state="Updater" type="push" body="send" file="files/zImage-imx6sl-evk%ldo%.dtb" ifdev="MX6SL">Sending Device Tree file</CMD>
	<CMD state="Updater" type="push" body="send" file="files/zImage-imx6sll-%slldtb%.dtb" ifdev="MX6SLL">Sending Device Tree file</CMD>
	<CMD state="Updater" type="push" body="send" file="files/zImage-imx6sx-%sxdtb%-emmc.dtb" ifdev="MX6SX">Sending Device Tree file</CMD>
	<CMD state="Updater" type="push" body="send" file="files/zImage-imx7d-%7ddtb%.dtb" ifdev="MX7D">Sending Device Tree file</CMD>
	<CMD state="Updater" type="push" body="send" file="files/zImage-imx6ul-%6uldtb%-emmc.dtb" ifdev="MX6UL">Sending Device Tree file</CMD>
	<CMD state="Updater" type="push" body="send" file="files/zImage-imx6ull-%6uldtb%-emmc.dtb" ifdev="MX6ULL">Sending Device Tree file</CMD>
	<CMD state="Updater" type="push" body="send" file="files/zImage-imx7ulp-%7ulpdtb%-emmc.dtb" ifdev="MX7ULP">Sending Device Tree file</CMD>

	<CMD state="Updater" type="push" body="$ cp $FILE /mnt/mmcblk%mmc%p1/imx6q%plus%-%board%.dtb" ifdev="MX6Q">write device tree to sd card</CMD>
	<CMD state="Updater" type="push" body="$ cp $FILE /mnt/mmcblk%mmc%p1/imx6dl-%board%.dtb" ifdev="MX6D">write device tree to sd card</CMD>
	<CMD state="Updater" type="push" body="$ cp $FILE /mnt/mmcblk%mmc%p1/imx6sl-evk.dtb" ifdev="MX6SL">write device tree to sd card</CMD>
	<CMD state="Updater" type="push" body="$ cp $FILE /mnt/mmcblk%mmc%p1/imx6sll-%slldtb%.dtb" ifdev="MX6SLL">write device tree to sd card</CMD>
	<CMD state="Updater" type="push" body="$ cp $FILE /mnt/mmcblk%mmc%p1/imx6sx-%sxdtb%.dtb" ifdev="MX6SX">write device tree to sd card</CMD>
	<CMD state="Updater" type="push" body="$ cp $FILE /mnt/mmcblk%mmc%p1/imx7d-%7ddtb%.dtb" ifdev="MX7D">write device tree to sd card</CMD>
	<CMD state="Updater" type="push" body="$ cp $FILE /mnt/mmcblk%mmc%p1/imx6ul-%6uldtb%.dtb" ifdev="MX6UL">write device tree to sd card</CMD>
	<CMD state="Updater" type="push" body="$ cp $FILE /mnt/mmcblk%mmc%p1/imx6ull-%6uldtb%.dtb" ifdev="MX6ULL">write device tree to sd card</CMD>
	<CMD state="Updater" type="push" body="$ cp $FILE /mnt/mmcblk%mmc%p1/imx7ulp-%7ulpdtb%.dtb" ifdev="MX7ULP">write device tree to sd card</CMD>

	<!-- burn m4 demo bins-->
	<CMD state="Updater" type="push" body="send" file="files/imx7d_sabresd_m4_TCM_helloworld.bin" ifdev="MX7D">Sending helloworld demo</CMD>
	<CMD state="Updater" type="push" body="$ cp $FILE /mnt/mmcblk%mmc%p1/imx7d_sabresd_m4_TCM_helloworld.bin" ifdev="MX7D">write demo image to eMMC</CMD>
	<CMD state="Updater" type="push" body="send" file="files/imx7d_sabresd_m4_TCM_mcctty.bin" ifdev="MX7D">Sending mcctty demo</CMD>
	<CMD state="Updater" type="push" body="$ cp $FILE /mnt/mmcblk%mmc%p1/imx7d_sabresd_m4_TCM_mcctty.bin" ifdev="MX7D">write demo image to eMMC</CMD>
	<CMD state="Updater" type="push" body="send" file="files/imx7d_sabresd_m4_TCM_Pingpang.bin" ifdev="MX7D">Sending pingpong demo</CMD>
	<CMD state="Updater" type="push" body="$ cp $FILE /mnt/mmcblk%mmc%p1/imx7d_sabresd_m4_TCM_Pingpang.bin" ifdev="MX7D">write demo image to eMMC</CMD>

	<CMD state="Updater" type="push" body="$ umount /mnt/mmcblk%mmc%p1">Unmounting vfat partition</CMD>

	<!-- burn rootfs -->
	<CMD state="Updater" type="push" body="$ mkfs.ext3 -F -E nodiscard /dev/mmcblk%mmc%p2">Formatting rootfs partition</CMD>
	<CMD state="Updater" type="push" body="$ mkdir -p /mnt/mmcblk%mmc%p2"/>
	<CMD state="Updater" type="push" body="$ mount -t ext3 /dev/mmcblk%mmc%p2 /mnt/mmcblk%mmc%p2"/>
	<CMD state="Updater" type="push" body="pipe tar -jxv -C /mnt/mmcblk%mmc%p2" file="files/rootfs.tar.bz2" ifdev="MX6SL MX6SLL MX6D MX6Q MX6SX">Sending and writting rootfs</CMD>
	<CMD state="Updater" type="push" body="pipe tar -jxv -C /mnt/mmcblk%mmc%p2" file="files/rootfs_nogpu.tar.bz2" ifdev="MX6UL MX7D MX6ULL">Sending and writting rootfs</CMD>
	<CMD state="Updater" type="push" body="pipe tar -jxv -C /mnt/mmcblk%mmc%p2" file="files/rootfs_7ulp.tar.bz2" ifdev="MX7ULP">Sending and writting rootfs</CMD>
	<CMD state="Updater" type="push" body="frf">Finishing rootfs write</CMD>
	<CMD state="Updater" type="push" body="$ umount /mnt/mmcblk%mmc%p2">Unmounting rootfs partition</CMD>
	<CMD state="Updater" type="push" body="$ echo Update Complete!">Done</CMD>
  </LIST>

    <LIST name="SD_M4" desc="Choose SD Card as media">
	<CMD state="BootStrap" type="boot" body="BootStrap" file ="firmware/u-boot-imx7ulp%7ulpuboot%_sd.imx" ifdev="MX7ULP">Loading U-boot</CMD>

	<CMD state="BootStrap" type="load" file="firmware/zImage" address="0x60800000"
		loadSection="OTH" setSection="OTH" HasFlashHeader="FALSE" ifdev="MX7ULP">Loading Kernel.</CMD>

	<CMD state="BootStrap" type="load" file="firmware/%initramfs%" address="0x63800000"
		loadSection="OTH" setSection="OTH" HasFlashHeader="FALSE" ifdev="MX7ULP">Loading Initramfs.</CMD>

	<CMD state="BootStrap" type="load" file="firmware/zImage-imx7ulp-%7ulpdtb%-qspi.dtb" address="0x63000000"
		loadSection="OTH" setSection="OTH" HasFlashHeader="FALSE" ifdev="MX7ULP">Loading device tree.</CMD>

	<CMD state="BootStrap" type="jump" > Jumping to OS image. </CMD>

	<!-- update the M4 image -->
	<CMD state="Updater" type="push" body="$ flash_erase /dev/mtd0 0 20">Erasing Boot partition</CMD>
        <CMD state="Updater" type="push" body="send" file="files/imx7ulp_m4_demo.img" ifdev="MX7ULP">Sending CM4 image</CMD>
        <CMD state="Updater" type="push" body="$ dd if=$FILE of=/dev/mtd0" ifdev="MX7ULP">write image to NOR flash</CMD>

	<!-- create partition -->
	<CMD state="Updater" type="push" body="send" file="mksdcard.sh.tar">Sending partition shell</CMD>
	<CMD state="Updater" type="push" body="$ tar xf $FILE "> Partitioning...</CMD>
	<CMD state="Updater" type="push" body="$ sh mksdcard.sh /dev/mmcblk%mmc%"> Partitioning...</CMD>

	<!-- burn uboot -->
	<CMD state="Updater" type="push" body="send" file="files/u-boot-imx7ulp%7ulpuboot%_sd.imx" ifdev="MX7ULP">Sending u-boot.bin</CMD>

	<CMD state="Updater" type="push" body="$ dd if=/dev/zero of=/dev/mmcblk%mmc% bs=1k seek=768 conv=fsync count=136">clear u-boot arg</CMD>
	<CMD state="Updater" type="push" body="$ dd if=$FILE of=/dev/mmcblk%mmc% bs=1k seek=1 conv=fsync">write u-boot.bin to sd card</CMD>

	<CMD state="Updater" type="push" body="$ while [ ! -e /dev/mmcblk%mmc%p1 ]; do sleep 1; echo waiting...; done ">Waiting for the partition ready</CMD>
	<CMD state="Updater" type="push" body="$ mkfs.vfat /dev/mmcblk%mmc%p1">Formatting rootfs partition</CMD>
	<CMD state="Updater" type="push" body="$ mkdir -p /mnt/mmcblk%mmc%p1"/>
	<CMD state="Updater" type="push" body="$ mount -t vfat /dev/mmcblk%mmc%p1 /mnt/mmcblk%mmc%p1"/>

	<!-- burn zImage -->
	<CMD state="Updater" type="push" body="send" file="files/zImage">Sending kernel</CMD>
	<CMD state="Updater" type="push" body="$ cp $FILE /mnt/mmcblk%mmc%p1/zImage">write kernel image to sd card</CMD>

	<!-- burn dtb -->
	<CMD state="Updater" type="push" body="send" file="files/zImage-imx7ulp-%7ulpdtb%.dtb" ifdev="MX7ULP">Sending Device Tree file</CMD>

	<CMD state="Updater" type="push" body="$ cp $FILE /mnt/mmcblk%mmc%p1/imx7ulp-%7ulpdtb%.dtb" ifdev="MX7ULP">write device tree to sd card</CMD>

	<!-- burn rootfs -->
	<CMD state="Updater" type="push" body="$ mkfs.ext3 -F -j /dev/mmcblk%mmc%p2">Formatting rootfs partition</CMD>
	<CMD state="Updater" type="push" body="$ mkdir -p /mnt/mmcblk%mmc%p2"/>
	<CMD state="Updater" type="push" body="$ mount -t ext3 /dev/mmcblk%mmc%p2 /mnt/mmcblk%mmc%p2"/>
	<CMD state="Updater" type="push" body="pipe tar -jxv -C /mnt/mmcblk%mmc%p2" file="files/rootfs_7ulp.tar.bz2" ifdev="MX7ULP">Sending and writting rootfs</CMD>
	<CMD state="Updater" type="push" body="frf">Finishing rootfs write</CMD>
	<CMD state="Updater" type="push" body="$ umount /mnt/mmcblk%mmc%p2">Unmounting rootfs partition</CMD>
	<CMD state="Updater" type="push" body="$ echo Update Complete!">Done</CMD>
  </LIST>

  <LIST name="eMMC_M4" desc="Choose eMMC as media">
	<CMD state="BootStrap" type="boot" body="BootStrap" file ="firmware/u-boot-imx7ulp%7ulpuboot%_emmc.imx" ifdev="MX7ULP">Loading U-boot</CMD>

	<CMD state="BootStrap" type="load" file="firmware/zImage" address="0x60800000"
		loadSection="OTH" setSection="OTH" HasFlashHeader="FALSE" ifdev="MX7ULP">Loading Kernel.</CMD>

	<CMD state="BootStrap" type="load" file="firmware/%initramfs%" address="0x63800000"
		loadSection="OTH" setSection="OTH" HasFlashHeader="FALSE" ifdev="MX7ULP">Loading Initramfs.</CMD>

	<CMD state="BootStrap" type="load" file="firmware/zImage-imx7ulp-%7ulpdtb%-emmc-qspi.dtb" address="0x63000000"
		loadSection="OTH" setSection="OTH" HasFlashHeader="FALSE" ifdev="MX7ULP">Loading device tree.</CMD>

	<CMD state="BootStrap" type="jump" > Jumping to OS image. </CMD>

	<!-- wait /dev/mmcblk%mmc% ready -->
	<CMD state="Updater" type="push" body="$ sleep 1 ">Sleep 1s to wait /dev/mmcblk%mmc% ready</CMD>

	<!-- update the M4 image -->
	<CMD state="Updater" type="push" body="$ flash_erase /dev/mtd0 0 20">Erasing Boot partition</CMD>
        <CMD state="Updater" type="push" body="send" file="files/imx7ulp_m4_demo.img" ifdev="MX7ULP">Sending CM4 image</CMD>
        <CMD state="Updater" type="push" body="$ dd if=$FILE of=/dev/mtd0" ifdev="MX7ULP">write image to NOR flash</CMD>

	<!-- create partition -->
	<CMD state="Updater" type="push" body="send" file="mksdcard.sh.tar">Sending partition shell</CMD>
	<CMD state="Updater" type="push" body="$ tar xf $FILE "> Partitioning...</CMD>
	<CMD state="Updater" type="push" body="$ sh mksdcard.sh /dev/mmcblk%mmc%"> Partitioning...</CMD>

	<!-- burn uboot -->
	<CMD state="Updater" type="push" body="$ dd if=/dev/zero of=/dev/mmcblk%mmc% bs=1k seek=768 conv=fsync count=136">clear u-boot arg</CMD>
	<!-- access boot partition -->
	<CMD state="Updater" type="push" body="$ echo 0 > /sys/block/mmcblk%mmc%boot0/force_ro">access boot partition 1</CMD>
	<CMD state="Updater" type="push" body="send" file="files/u-boot-imx7ulp%7ulpuboot%_emmc.imx" ifdev="MX7ULP">Sending u-boot.bin</CMD>
	<CMD state="Updater" type="push" body="$ dd if=$FILE of=/dev/mmcblk%mmc%boot0 bs=512 seek=2">write U-Boot to sd card</CMD>
	<CMD state="Updater" type="push" body="$ echo 1 > /sys/block/mmcblk%mmc%boot0/force_ro"> re-enable read-only access </CMD>
	<CMD state="Updater" type="push" body="$ mmc bootpart enable 1 1 /dev/mmcblk%mmc%">enable boot partion 1 to boot</CMD>

	<!-- create fat partition -->
	<CMD state="Updater" type="push" body="$ while [ ! -e /dev/mmcblk%mmc%p1 ]; do sleep 1; echo waiting...; done ">Waiting for the partition ready</CMD>
	<CMD state="Updater" type="push" body="$ mkfs.vfat /dev/mmcblk%mmc%p1">Formatting rootfs partition</CMD>
	<CMD state="Updater" type="push" body="$ mkdir -p /mnt/mmcblk%mmc%p1"/>
	<CMD state="Updater" type="push" body="$ mount -t vfat /dev/mmcblk%mmc%p1 /mnt/mmcblk%mmc%p1"/>

	<!-- burn zImage -->
	<CMD state="Updater" type="push" body="send" file="files/zImage">Sending kernel zImage</CMD>
	<CMD state="Updater" type="push" body="$ cp $FILE /mnt/mmcblk%mmc%p1/zImage">write kernel image to sd card</CMD>

	<!-- burn dtb -->
	<CMD state="Updater" type="push" body="send" file="files/zImage-imx7ulp-%7ulpdtb%-emmc.dtb" ifdev="MX7ULP">Sending Device Tree file</CMD>

	<CMD state="Updater" type="push" body="$ cp $FILE /mnt/mmcblk%mmc%p1/imx7ulp-%7ulpdtb%.dtb" ifdev="MX7ULP">write device tree to sd card</CMD>

	<!-- burn rootfs -->
	<CMD state="Updater" type="push" body="$ mkfs.ext3 -F -E nodiscard /dev/mmcblk%mmc%p2">Formatting rootfs partition</CMD>
	<CMD state="Updater" type="push" body="$ mkdir -p /mnt/mmcblk%mmc%p2"/>
	<CMD state="Updater" type="push" body="$ mount -t ext3 /dev/mmcblk%mmc%p2 /mnt/mmcblk%mmc%p2"/>
	<CMD state="Updater" type="push" body="pipe tar -jxv -C /mnt/mmcblk%mmc%p2" file="files/rootfs_7ulp.tar.bz2" ifdev="MX7ULP">Sending and writting rootfs</CMD>
	<CMD state="Updater" type="push" body="frf">Finishing rootfs write</CMD>
	<CMD state="Updater" type="push" body="$ umount /mnt/mmcblk%mmc%p2">Unmounting rootfs partition</CMD>
	<CMD state="Updater" type="push" body="$ echo Update Complete!">Done</CMD>
  </LIST>

<!-- burn uboot only because spi-nor flash is small (4M). kernel is beyond 5M now -->
  <LIST name="Nor Flash" desc="Choose Nor flash as media">
	<CMD state="BootStrap" type="boot" body="BootStrap" file ="firmware/u-boot-imx6q%plus%%board%_%nor%.imx" ifdev="MX6Q">Loading U-boot</CMD>
	<CMD state="BootStrap" type="boot" body="BootStrap" file ="firmware/u-boot-imx6dl%board%_%nor%.imx" ifdev="MX6D">Loading U-boot</CMD>
	<CMD state="BootStrap" type="boot" body="BootStrap" file ="firmware/u-boot-imx6slevk_spi-nor.imx" ifdev="MX6SL">Loading U-boot</CMD>
	<CMD state="BootStrap" type="boot" body="BootStrap" file ="firmware/u-boot-imx6sll%slluboot%_spi-nor.imx" ifdev="MX6SLL">Loading U-boot</CMD>
	<CMD state="BootStrap" type="boot" body="BootStrap" file ="firmware/u-boot-imx7d%7duboot%_%nor%.imx" ifdev="MX7D">Loading U-boot</CMD>
	<CMD state="BootStrap" type="boot" body="BootStrap" file ="firmware/u-boot-imx6ul%6uluboot%_sd.imx" ifdev="MX6UL">Loading U-boot</CMD>
	<CMD state="BootStrap" type="boot" body="BootStrap" file ="firmware/u-boot-imx6ull%6uluboot%_sd.imx" ifdev="MX6ULL">Loading U-boot</CMD>

	<CMD state="BootStrap" type="load" file="firmware/zImage" address="0x12000000"
		loadSection="OTH" setSection="OTH" HasFlashHeader="FALSE" ifdev="MX6Q MX6D">Loading Kernel.</CMD>
	<CMD state="BootStrap" type="load" file="firmware/zImage" address="0x80800000"
		loadSection="OTH" setSection="OTH" HasFlashHeader="FALSE" ifdev="MX6SL MX6SLL MX7D MX6UL MX6ULL">Loading Kernel.</CMD>

	<CMD state="BootStrap" type="load" file="firmware/%initramfs%" address="0x12C00000"
		loadSection="OTH" setSection="OTH" HasFlashHeader="FALSE" ifdev="MX6Q MX6D">Loading Initramfs.</CMD>
	<CMD state="BootStrap" type="load" file="firmware/%initramfs%" address="0x83800000"
		loadSection="OTH" setSection="OTH" HasFlashHeader="FALSE" ifdev="MX6SL MX6SLL MX7D MX6UL MX6ULL">Loading Initramfs.</CMD>


	<CMD state="BootStrap" type="load" file="firmware/zImage-imx6q%plus%-%board%-%nordtb%.dtb" address="0x18000000"
		loadSection="OTH" setSection="OTH" HasFlashHeader="FALSE" ifdev="MX6Q">Loading device tree.</CMD>
	<CMD state="BootStrap" type="load" file="firmware/zImage-imx6dl-%board%-%nordtb%.dtb" address="0x18000000"
		loadSection="OTH" setSection="OTH" HasFlashHeader="FALSE" ifdev="MX6D">Loading device tree.</CMD>
	<CMD state="BootStrap" type="load" file="firmware/zImage-imx6sl-evk.dtb" address="0x83000000"
		loadSection="OTH" setSection="OTH" HasFlashHeader="FALSE" ifdev="MX6SL">Loading device tree.</CMD>
	<CMD state="BootStrap" type="load" file="firmware/zImage-imx6sll-%slldtb%.dtb" address="0x83000000"
		loadSection="OTH" setSection="OTH" HasFlashHeader="FALSE" ifdev="MX6SLL">Loading device tree.</CMD>
	<CMD state="BootStrap" type="load" file="firmware/zImage-imx7d-%7ddtb%.dtb" address="0x83000000"
		loadSection="OTH" setSection="OTH" HasFlashHeader="FALSE" ifdev="MX7D">Loading device tree.</CMD>
	<CMD state="BootStrap" type="load" file="firmware/zImage-imx6ul-%6uldtb%.dtb" address="0x83000000"
		loadSection="OTH" setSection="OTH" HasFlashHeader="FALSE" ifdev="MX6UL">Loading device tree.</CMD>
	<CMD state="BootStrap" type="load" file="firmware/zImage-imx6ull-%6uldtb%-%nordtb%.dtb" address="0x83000000"
		loadSection="OTH" setSection="OTH" HasFlashHeader="FALSE" ifdev="MX6ULL">Loading device tree.</CMD>

	<CMD state="BootStrap" type="jump" > Jumping to OS image. </CMD>

	<CMD state="Updater" type="push" body="$ flash_erase /dev/mtd%nor_part% 0 0">Erasing Boot partition</CMD>
	<CMD state="Updater" type="push" body="send" file="files/u-boot-imx6q%plus%%board%_%nor%.imx" ifdev="MX6Q">Sending U-Boot</CMD>
	<CMD state="Updater" type="push" body="send" file="files/u-boot-imx6dl%board%_%nor%.imx" ifdev="MX6D">Sending U-Boot</CMD>
	<CMD state="Updater" type="push" body="send" file="files/u-boot-imx6slevk_spi-nor.imx" ifdev="MX6SL">Sending u-boot.bin</CMD>
	<CMD state="Updater" type="push" body="send" file="files/u-boot-imx6sll%slluboot%_spi-nor.imx" ifdev="MX6SLL">Sending u-boot.bin</CMD>
	<CMD state="Updater" type="push" body="send" file="files/u-boot-imx7d%7duboot%_%nor%.imx" ifdev="MX7D">Sending u-boot.bin</CMD>
	<CMD state="Updater" type="push" body="send" file="files/u-boot-imx6ul%6uluboot%_%nor%.imx" ifdev="MX6UL">Sending u-boot.bin</CMD>
	<CMD state="Updater" type="push" body="send" file="files/u-boot-imx6ull%6uluboot%_spi-nor.imx" ifdev="MX6ULL">Sending u-boot.bin</CMD>

	<CMD state="Updater" type="push" body="$ dd if=$FILE of=/dev/mtd%nor_part% bs=1k seek=%seek%" ifdev="MX6Q MX6D MX6SL MX6SLL MX6UL MX6ULL">write U-Boot to NOR flash</CMD>
	<CMD state="Updater" type="push" body="$ dd if=$FILE of=/dev/mtd%nor_part% bs=1k seek=1" ifdev="MX7D">write U-Boot to NOR flash</CMD>
	<CMD state="Updater" type="push" body="$ echo Update Complete!">Done</CMD>
  </LIST>

  <LIST name="Quad Nor M4" desc="Choose Quad Nor flash to burn M4 image">
	<CMD state="BootStrap" type="boot" body="BootStrap" file ="firmware/u-boot-imx7ulp%7ulpuboot%_sd.imx" ifdev="MX7ULP">Loading U-boot</CMD>
	<CMD state="BootStrap" type="load" file="firmware/zImage" address="0x60800000"
		loadSection="OTH" setSection="OTH" HasFlashHeader="FALSE" ifdev="MX7ULP">Loading Kernel.</CMD>

	<CMD state="BootStrap" type="load" file="firmware/%initramfs%" address="0x63800000"
		loadSection="OTH" setSection="OTH" HasFlashHeader="FALSE" ifdev="MX7ULP">Loading Initramfs.</CMD>

	<CMD state="BootStrap" type="load" file="firmware/zImage-imx7ulp-%7ulpdtb%-qspi.dtb" address="0x63000000"
		loadSection="OTH" setSection="OTH" HasFlashHeader="FALSE" ifdev="MX7ULP">Loading device tree.</CMD>

	<CMD state="BootStrap" type="jump" > Jumping to OS image. </CMD>

	<CMD state="Updater" type="push" body="$ flash_erase /dev/mtd0 0 20">Erasing Boot partition</CMD>
        <CMD state="Updater" type="push" body="send" file="files/imx7ulp_m4_demo.img" ifdev="MX7ULP">Sending CM4 image</CMD>
        <CMD state="Updater" type="push" body="$ dd if=$FILE of=/dev/mtd0" ifdev="MX7ULP">write image to NOR flash</CMD>
	<CMD state="Updater" type="push" body="$ echo Update Complete!">Done</CMD>
  </LIST>

  <LIST name="Quad Nor Flash" desc="Choose Quad Nor flash as media">
	<CMD state="BootStrap" type="boot" body="BootStrap" file ="firmware/u-boot-imx6q%board%_%nor%.imx" ifdev="MX6Q">Loading U-boot</CMD>
	<CMD state="BootStrap" type="boot" body="BootStrap" file ="firmware/u-boot-imx6dl%board%_%nor%.imx" ifdev="MX6D">Loading U-boot</CMD>
	<CMD state="BootStrap" type="boot" body="BootStrap" file ="firmware/u-boot-imx6slevk_spi-nor.imx" ifdev="MX6SL">Loading U-boot</CMD>
	<CMD state="BootStrap" type="boot" body="BootStrap" file ="firmware/u-boot-imx6sx%sxuboot%_%sxnor%.imx" ifdev="MX6SX">Loading U-boot</CMD>
	<CMD state="BootStrap" type="boot" body="BootStrap" file ="firmware/u-boot-imx7d%7duboot%_%7dnor%.imx" ifdev="MX7D">Loading U-boot</CMD>
	<CMD state="BootStrap" type="boot" body="BootStrap" file ="firmware/u-boot-imx6ul%6uluboot%_%6ulnor%.imx" ifdev="MX6UL">Loading U-boot</CMD>
	<CMD state="BootStrap" type="boot" body="BootStrap" file ="firmware/u-boot-imx6ull%6uluboot%_%6ulnor%.imx" ifdev="MX6ULL">Loading U-boot</CMD>

	<CMD state="BootStrap" type="load" file="firmware/zImage" address="0x12000000"
		loadSection="OTH" setSection="OTH" HasFlashHeader="FALSE" ifdev="MX6Q MX6D">Loading Kernel.</CMD>
	<CMD state="BootStrap" type="load" file="firmware/zImage" address="0x80800000"
		loadSection="OTH" setSection="OTH" HasFlashHeader="FALSE" ifdev="MX6SL MX6SX MX7D MX6UL MX6ULL">Loading Kernel.</CMD>

	<CMD state="BootStrap" type="load" file="firmware/%initramfs%" address="0x12C00000"
		loadSection="OTH" setSection="OTH" HasFlashHeader="FALSE" ifdev="MX6Q MX6D">Loading Initramfs.</CMD>
	<CMD state="BootStrap" type="load" file="firmware/%initramfs%" address="0x83800000"
		loadSection="OTH" setSection="OTH" HasFlashHeader="FALSE" ifdev="MX6SL MX6SX MX7D MX6UL MX6ULL">Loading Initramfs.</CMD>


	<CMD state="BootStrap" type="load" file="firmware/zImage-imx6q-%board%-%nordtb%.dtb" address="0x18000000"
		loadSection="OTH" setSection="OTH" HasFlashHeader="FALSE" ifdev="MX6Q">Loading device tree.</CMD>
	<CMD state="BootStrap" type="load" file="firmware/zImage-imx6dl-%board%-%nordtb%.dtb" address="0x18000000"
		loadSection="OTH" setSection="OTH" HasFlashHeader="FALSE" ifdev="MX6D">Loading device tree.</CMD>
	<CMD state="BootStrap" type="load" file="firmware/zImage-imx6sl-evk.dtb" address="0x83000000"
		loadSection="OTH" setSection="OTH" HasFlashHeader="FALSE" ifdev="MX6SL">Loading device tree.</CMD>
	<CMD state="BootStrap" type="load" file="firmware/zImage-imx6sx-%sxdtb%.dtb" address="0x83000000"
		loadSection="OTH" setSection="OTH" HasFlashHeader="FALSE" ifdev="MX6SX">Loading device tree.</CMD>
	<CMD state="BootStrap" type="load" file="firmware/zImage-imx7d-%7ddtb%.dtb" address="0x83000000"
		loadSection="OTH" setSection="OTH" HasFlashHeader="FALSE" ifdev="MX7D">Loading device tree.</CMD>
	<CMD state="BootStrap" type="load" file="firmware/zImage-imx6ul-%6uldtb%.dtb" address="0x83000000"
		loadSection="OTH" setSection="OTH" HasFlashHeader="FALSE" ifdev="MX6UL">Loading device tree.</CMD>
	<CMD state="BootStrap" type="load" file="firmware/zImage-imx6ull-%6uldtb%.dtb" address="0x83000000"
		loadSection="OTH" setSection="OTH" HasFlashHeader="FALSE" ifdev="MX6ULL">Loading device tree.</CMD>

	<CMD state="BootStrap" type="jump" > Jumping to OS image. </CMD>

	<CMD state="Updater" type="push" body="$ flash_erase /dev/mtd0 0 20">Erasing Boot partition</CMD>
	<CMD state="Updater" type="push" body="send" file="files/u-boot-imx6q%board%_%nor%.imx" ifdev="MX6Q">Sending U-Boot</CMD>
	<CMD state="Updater" type="push" body="send" file="files/u-boot-imx6dl%board%_%nor%.imx" ifdev="MX6D">Sending U-Boot</CMD>
	<CMD state="Updater" type="push" body="send" file="files/u-boot-imx6slevk_spi-nor.imx" ifdev="MX6SL">Sending u-boot.bin</CMD>
	<CMD state="Updater" type="push" body="send" file="files/u-boot-imx6sx%sxuboot%_%sxnor%.imx" ifdev="MX6SX">Sending u-boot.bin</CMD>
	<CMD state="Updater" type="push" body="send" file="files/u-boot-imx7d%7duboot%_%7dnor%.imx" ifdev="MX7D">Sending u-boot.bin</CMD>
	<CMD state="Updater" type="push" body="send" file="files/u-boot-imx6ul%6uluboot%_%6ulnor%.imx" ifdev="MX6UL">Sending u-boot.bin</CMD>
	<CMD state="Updater" type="push" body="send" file="files/u-boot-imx6ull%6uluboot%_%6ulnor%.imx" ifdev="MX6ULL">Sending u-boot.bin</CMD>

	<CMD state="Updater" type="push" body="$ dd if=$FILE of=/dev/mtd0 bs=1k seek=4" ifdev="MX6SX MX6UL MX6ULL">write U-Boot to NOR flash</CMD>
	<CMD state="Updater" type="push" body="$ dd if=$FILE of=/dev/mtd0 bs=1k seek=1" ifdev="MX7D">write U-Boot to NOR flash</CMD>

	<!--QSPI header-->
	<CMD state="Updater" type="push" body="send" file="qspi-header.sh.tar">Sending qspi header shell</CMD>
	<CMD state="Updater" type="push" body="$ tar xf $FILE "> Extracting...</CMD>
	<CMD state="Updater" type="push" body="send" file="files/%norconfig%">Sending QSPI header config file</CMD>
	<CMD state="Updater" type="push" body="$ sh qspi-header.sh $FILE"> Generating the ascii value header</CMD>
	<!--hexdump to convert ascii value to hex file-->
	<CMD state="Updater" type="push" body="$ busybox hexdump -R qspi-tmp > qspi-header">Converting ascii value to hex file</CMD>
	<CMD state="Updater" type="push" body="$ dd if=qspi-header of=/dev/mtd0 bs=1k seek=1" ifdev="MX6SX MX6UL MX6ULL">Writing header to NOR flash</CMD>
	<CMD state="Updater" type="push" body="$ dd if=qspi-header of=/dev/mtd0 bs=1k seek=0" ifdev="MX7D">Writing header to NOR flash</CMD>
	<!--delete temporary files-->
	<CMD state="Updater" type="push" body="$ rm qspi-tmp">Deleting temporary file</CMD>
	<CMD state="Updater" type="push" body="$ rm qspi-header">Deleting temporary file</CMD>
	<CMD state="Updater" type="push" body="$ echo Update Complete!">Done</CMD>
  </LIST>

  <LIST name="NAND Flash" desc="Choose NAND as media">
    
	<CMD state="BootStrap" type="boot" body="BootStrap" file ="firmware/u-boot.imx" ifdev="MX6ULL">Loading U-boot</CMD>

	
	<CMD state="BootStrap" type="load" file="firmware/zImage" address="0x80800000"
		loadSection="OTH" setSection="OTH" HasFlashHeader="FALSE" ifdev="MX6SL MX6SX MX7D MX6UL MX6ULL">Loading Kernel.</CMD>

	
	<CMD state="BootStrap" type="load" file="firmware/%initramfs%" address="0x83800000"
				loadSection="OTH" setSection="OTH" HasFlashHeader="FALSE" ifdev="MX6SL MX6SX MX7D MX6UL MX6ULL">Loading Initramfs.</CMD>

	<CMD state="BootStrap" type="load" file="firmware/imx6ull-14x14-evk-gpmi-weim.dtb" address="0x83000000"
		loadSection="OTH" setSection="OTH" HasFlashHeader="FALSE" ifdev="MX6ULL">Loading device tree.</CMD>

	<CMD state="BootStrap" type="jump" > Jumping to OS image. </CMD>

	<!--burn the uboot to NAND: -->	
	<CMD state="Updater" type="push" body="$ mount -t debugfs debugfs /sys/kernel/debug">Mounting debugfs</CMD>
	<CMD state="Updater" type="push" body="$ flash_erase /dev/mtd%part_uboot% 0 0">Erasing Boot partition</CMD>
	<!--
	<CMD state="Updater" type="push" body="send" file="files/u-boot-imx6q%plus%%board%_%nand%.imx" ifdev="MX6Q">Sending U-Boot</CMD>
	<CMD state="Updater" type="push" body="send" file="files/u-boot-imx6dl%board%_%nand%.imx" ifdev="MX6D">Sending U-Boot</CMD>
	<CMD state="Updater" type="push" body="send" file="files/u-boot-imx6sx%sxuboot%_%nand%.imx" ifdev="MX6SX">Sending U-Boot</CMD>
	<CMD state="Updater" type="push" body="send" file="files/u-boot-imx7d%7duboot%_%nand%.imx" ifdev="MX7D">Sending U-Boot</CMD>
	-->
	<!--
	<CMD state="Updater" type="push" body="send" file="files/u-boot-imx6ul%6uluboot%_%nand%.imx" ifdev="MX6UL">Sending u-boot.bin</CMD>
	<CMD state="Updater" type="push" body="send" file="imx6ul7d-rom/u-boot-imx6ul7d.imx-nand" ifdev="MX6UL">Sending u-boot.bin</CMD>
	-->
	<CMD state="Updater" type="push" body="send" file="imx6ull14x14evk/u-boot.imx" ifdev="MX6ULL">Sending u-boot.bin</CMD>
	<CMD state="Updater" type="push" body="$ kobs-ng init -x -v --chip_0_device_path=/dev/mtd%part_uboot% $FILE">Flashing Bootloader</CMD>

	<!--burn the kernel to NAND: -->
	<CMD state="Updater" type="push" body="$ flash_erase /dev/mtd%part_kernel% 0 0">Erasing Kernel partition</CMD>
	<!--
	<CMD state="Updater" type="push" body="send" file="files/zImage">Sending kernel zImage</CMD>
	-->
	<CMD state="Updater" type="push" body="send" file="imx6ull14x14evk/zImage">Sending kernel zImage</CMD>
	<CMD state="Updater" type="push" body="$ nandwrite -p /dev/mtd%part_kernel% -p $FILE">Flashing Kernel</CMD>


	<CMD state="Updater" type="push" body="$ flash_erase /dev/mtd%part_dtb% 0 0">Erasing dtb partition</CMD>
	<!--
	<CMD state="Updater" type="push" body="send" file="files/zImage-imx6q%plus%-%board%-%nanddtb%.dtb" ifdev="MX6Q">Sending Device Tree file</CMD>
	<CMD state="Updater" type="push" body="send" file="files/zImage-imx6dl-%board%-%nanddtb%.dtb" ifdev="MX6D">Sending Device Tree file</CMD>
	<CMD state="Updater" type="push" body="send" file="files/zImage-imx6sx-%sxdtb%-%nanddtb%.dtb" ifdev="MX6SX">Sending Device Tree file</CMD>
	<CMD state="Updater" type="push" body="send" file="files/zImage-imx7d-%7ddtb%-%nanddtb%.dtb" ifdev="MX7D">Sending Device Tree file</CMD>
	<CMD state="Updater" type="push" body="send" file="files/zImage-imx6ul-%6uldtb%-%nanddtb%.dtb" ifdev="MX6UL">Sending Device Tree file</CMD>
	<CMD state="Updater" type="push" body="send" file="imx6ul7d-rom/zImage-imx6ul-14x14-ddr3-arm2-gpmi-weim.dtb" ifdev="MX6UL">Sending Device Tree file</CMD>
	-->
	<CMD state="Updater" type="push" body="send" file="imx6ull14x14evk/imx6ull-14x14-evk-gpmi-weim.dtb" ifdev="MX6ULL">Sending Device Tree file</CMD>
	<CMD state="Updater" type="push" body="$ nandwrite -p /dev/mtd%part_dtb% -p $FILE">Flashing dtb</CMD>

	<!--burn the rootfs to NAND: -->
	<CMD state="Updater" type="push" body="$ flash_erase /dev/mtd%part_rootfs% 0 0">Erasing rootfs partition</CMD>
	<CMD state="Updater" type="push" body="$ ubiformat /dev/mtd%part_rootfs%"/>
	<CMD state="Updater" type="push" body="$ ubiattach /dev/ubi_ctrl -m %part_rootfs%">Attaching UBI partition</CMD>
	<CMD state="Updater" type="push" body="$ ubimkvol /dev/ubi0 -Nrootfs -m"/>
	<CMD state="Updater" type="push" body="$ mkdir -p /mnt/mtd%part_rootfs%"/>
	<CMD state="Updater" type="push" body="$ mount -t ubifs ubi0:rootfs /mnt/mtd%part_rootfs%"/>
	<!--
	<CMD state="Updater" type="push" body="pipe tar -jxv -C /mnt/mtd%part_rootfs%" file="files/rootfs.tar.bz2" ifdev="MX6SL MX6D MX6Q MX6SX">Sending and writting rootfs</CMD>
	-->
	<!--
	<CMD state="Updater" type="push" body="pipe tar -jxv -C /mnt/mtd%part_rootfs%" file="files/rootfs_nogpu.tar.bz2" ifdev="MX6UL MX7D MX6ULL">Sending and writting rootfs</CMD>
	-->
	<CMD state="Updater" type="push" body="pipe tar -jxv -C /mnt/mtd%part_rootfs%" file="imx6ull14x14evk/droi-fsl-image-imx-imx6ull14x14evk.tar.bz2" ifdev="MX6UL MX7D MX6ULL">Sending and writting rootfs</CMD>
	<CMD state="Updater" type="push" body="frf">Finishing rootfs write</CMD>
	<CMD state="Updater" type="push" body="$ umount /mnt/mtd%part_rootfs%">Unmounting rootfs partition</CMD>

	<CMD state="Updater" type="push" body="$ echo Update Complete!">Done</CMD>
  </LIST>

<LIST name="SDCard-Android" desc="Choose SD Card as media">
	<CMD state="BootStrap" type="boot" body="BootStrap" file ="firmware/u-boot-imx6q%plus%%board%_sd.imx" ifdev="MX6Q">Loading U-boot</CMD>
	<CMD state="BootStrap" type="boot" body="BootStrap" file ="firmware/u-boot-imx6dl%board%_sd.imx" ifdev="MX6D">Loading U-boot</CMD>
	<CMD state="BootStrap" type="boot" body="BootStrap" file ="firmware/u-boot-imx6slevk_sd.imx" ifdev="MX6SL">Loading U-boot</CMD>
	<CMD state="BootStrap" type="boot" body="BootStrap" file ="firmware/u-boot-imx6sx%sxuboot%_sd.imx" ifdev="MX6SX">Loading U-boot</CMD>
	<CMD state="BootStrap" type="boot" body="BootStrap" file ="firmware/u-boot-imx7d%7duboot%_sd.imx" ifdev="MX7D">Loading U-boot</CMD>
	<CMD state="BootStrap" type="boot" body="BootStrap" file ="firmware/u-boot-imx6ul%6uluboot%_sd.imx" ifdev="MX6UL">Loading U-boot</CMD>
	<CMD state="BootStrap" type="boot" body="BootStrap" file ="firmware/u-boot-imx7ulp%7ulpuboot%_sd.imx" ifdev="MX7ULP">Loading U-boot</CMD>

	<CMD state="BootStrap" type="load" file="firmware/zImage" address="0x12000000"
		loadSection="OTH" setSection="OTH" HasFlashHeader="FALSE" ifdev="MX6Q MX6D">Loading Kernel.</CMD>
	<CMD state="BootStrap" type="load" file="firmware/zImage" address="0x80800000"
		loadSection="OTH" setSection="OTH" HasFlashHeader="FALSE" ifdev="MX6SL MX6SX MX7D MX6UL">Loading Kernel.</CMD>
	<CMD state="BootStrap" type="load" file="firmware/zImage" address="0x60800000"
		loadSection="OTH" setSection="OTH" HasFlashHeader="FALSE" ifdev="MX7ULP">Loading Kernel.</CMD>

	<CMD state="BootStrap" type="load" file="firmware/%initramfs%" address="0x12C00000"
		loadSection="OTH" setSection="OTH" HasFlashHeader="FALSE" ifdev="MX6Q MX6D">Loading Initramfs.</CMD>
	<CMD state="BootStrap" type="load" file="firmware/%initramfs%" address="0x83800000"
		loadSection="OTH" setSection="OTH" HasFlashHeader="FALSE" ifdev="MX6SL MX6SX MX7D MX6UL">Loading Initramfs.</CMD>
	<CMD state="BootStrap" type="load" file="firmware/%initramfs%" address="0x63800000"
		loadSection="OTH" setSection="OTH" HasFlashHeader="FALSE" ifdev="MX7ULP">Loading Initramfs.</CMD>

	<CMD state="BootStrap" type="load" file="firmware/zImage-imx6q%plus%-%board%%ldo%.dtb" address="0x18000000"
		loadSection="OTH" setSection="OTH" HasFlashHeader="FALSE" ifdev="MX6Q">Loading device tree.</CMD>
	<CMD state="BootStrap" type="load" file="firmware/zImage-imx6dl-%board%%ldo%.dtb" address="0x18000000"
		loadSection="OTH" setSection="OTH" HasFlashHeader="FALSE" ifdev="MX6D">Loading device tree.</CMD>
	<CMD state="BootStrap" type="load" file="firmware/zImage-imx6sl-evk%ldo%.dtb" address="0x83000000"
		loadSection="OTH" setSection="OTH" HasFlashHeader="FALSE" ifdev="MX6SL">Loading device tree.</CMD>
	<CMD state="BootStrap" type="load" file="firmware/zImage-imx6sx-%sxdtb%.dtb" address="0x83000000"
		loadSection="OTH" setSection="OTH" HasFlashHeader="FALSE" ifdev="MX6SX">Loading device tree.</CMD>
	<CMD state="BootStrap" type="load" file="firmware/zImage-imx7d-%7ddtb%.dtb" address="0x83000000"
		loadSection="OTH" setSection="OTH" HasFlashHeader="FALSE" ifdev="MX7D">Loading device tree.</CMD>
	<CMD state="BootStrap" type="load" file="firmware/zImage-imx6ul-%6uldtb%.dtb" address="0x83000000"
		loadSection="OTH" setSection="OTH" HasFlashHeader="FALSE" ifdev="MX6UL">Loading device tree.</CMD>
	<CMD state="BootStrap" type="load" file="firmware/zImage-imx7ulp-%7ulpdtb%-qspi.dtb" address="0x63000000"
		loadSection="OTH" setSection="OTH" HasFlashHeader="FALSE" ifdev="MX7ULP">Loading device tree.</CMD>

	<CMD state="BootStrap" type="jump" > Jumping to OS image. </CMD>

	<CMD state="Updater" type="push" body="$ flash_erase /dev/mtd0 0 20" ifdev="MX7ULP">Erasing Boot partition</CMD>
	<CMD state="Updater" type="push" body="send" file="files/android/%folder%/%android_m4_image%" ifdev="MX7ULP">Sending CM4 image</CMD>
	<CMD state="Updater" type="push" body="$ dd if=$FILE of=/dev/mtd0" ifdev="MX7ULP">write image to NOR flash</CMD>

	<CMD state="Updater" type="push" body="$ while [ ! -e /dev/mmcblk%mmc% ]; do sleep 1; echo waiting...; done ">Waiting for the emmc ready</CMD>
	<CMD state="Updater" type="push" body="send" file="files/android/%folder%/partition-table.img" >Sending and writting partition-table.img</CMD>
	<CMD state="Updater" type="push" body="$ dd if=$FILE of=/dev/mmcblk%mmc%">write gpt table to mmc</CMD>
	<CMD state="Updater" type="push" body="$ hdparm -z /dev/mmcblk%mmc%">Dectecting emmc partition</CMD>
	<CMD state="Updater" type="push" body="$ gdisk -l /dev/mmcblk%mmc% ">List emmc partition</CMD>

	<CMD state="Updater" type="push" body="$ echo -e 'r\\ne\\nY\\nw\\nY\\nY' |  gdisk /dev/mmcblk%mmc%">re-write back up gpt table</CMD>

	<CMD state="Updater" type="push" body="send" file="files/android/%folder%/boot-imx%soc%%plus%%ldo%.img" >Sending and writting boot.img</CMD>
	<CMD state="Updater" type="push" body="$ echo `gdisk -l /dev/mmcblk%mmc% | grep -w boot | awk '{print $1}'` > /tmp/partIdx">find boot partition</CMD>
	<CMD state="Updater" type="push" body="$ dd if=$FILE of=/dev/mmcblk%mmc%p`cat /tmp/partIdx`">write boot.img to boot</CMD>

	<CMD state="Updater" type="push" body="$ ls -l /dev/mmc* ">List partitions</CMD>
	<CMD state="Updater" type="push" body="$ echo `gdisk -l /dev/mmcblk%mmc% | grep -w cache | awk '{print $1}'` > /tmp/partIdx">find cache partition</CMD>
	<CMD state="Updater" type="push" body="$ mkfs.ext4 -F -E nodiscard /dev/mmcblk%mmc%p`cat /tmp/partIdx`">Formatting cache partition</CMD>
	<CMD state="Updater" type="push" body="$ echo `gdisk -l /dev/mmcblk%mmc% | grep -w userdata | awk '{print $1}'` > /tmp/partIdx">find data partition</CMD>
	<CMD state="Updater" type="push" body="$ mkfs.ext4 -F -E nodiscard -b 4096 -m 0 -O ^flex_bg,^uninit_bg /dev/mmcblk%mmc%p`cat /tmp/partIdx`">Formatting data partition</CMD>

	<CMD state="Updater" type="push" body="$ mount -o remount,size=1024M rootfs /">change size of tmpfs</CMD>
	<CMD state="Updater" type="push" body="send" file="files/android/%folder%/system.img" >Sending system.img</CMD>
	<CMD state="Updater" type="push" body="$ echo `gdisk -l /dev/mmcblk%mmc% | grep -w system | awk '{print $1}'` > /tmp/partIdx">find system</CMD>
	<CMD state="Updater" type="push" body="$ simg2img $FILE /dev/mmcblk%mmc%p`cat /tmp/partIdx`">writting sparse system.img</CMD>

	<CMD state="Updater" type="push" body="send" file="files/android/%folder%/vendor.img" >Sending vendor.img</CMD>
	<CMD state="Updater" type="push" body="$ echo `gdisk -l /dev/mmcblk%mmc% | grep -w vendor | awk '{print $1}'` > /tmp/partIdx">find vendor</CMD>
	<CMD state="Updater" type="push" body="$ simg2img $FILE /dev/mmcblk%mmc%p`cat /tmp/partIdx`">writting sparse vendor.img</CMD>

	<CMD state="Updater" type="push" body="send" file="files/android/%folder%/recovery-imx%soc%%plus%%ldo%.img">Sending and writting recovery.img</CMD>
	<CMD state="Updater" type="push" body="$ echo `gdisk -l /dev/mmcblk%mmc% | grep -w 'recovery$' | awk '{print $1}'` > /tmp/partIdx">find recovery partition</CMD>
	<CMD state="Updater" type="push" body="$ dd if=$FILE of=/dev/mmcblk%mmc%p`cat /tmp/partIdx`">write recovery.img to recovery partition</CMD>

	<CMD state="Updater" type="push" body="send" file="files/android/%folder%/vbmeta-imx%soc%%plus%%ldo%.img">Sending and writting vbmeta.img</CMD>
	<CMD state="Updater" type="push" body="$ echo `gdisk -l /dev/mmcblk%mmc% | grep -w 'vbmeta$' | awk '{print $1}'` > /tmp/partIdx">find vbmeta partition</CMD>
	<CMD state="Updater" type="push" body="$ dd if=$FILE of=/dev/mmcblk%mmc%p`cat /tmp/partIdx`">write vbmeta.img to vbmeta partition</CMD>

	<CMD state="Updater" type="push" body="$ echo `gdisk -l /dev/mmcblk%mmc% | grep -w fbmisc | awk '{print $1}'` > /tmp/partIdx">find misc</CMD>
	<CMD state="Updater" type="push" body="$ dd if=/dev/zero of=/dev/mmcblk%mmc%p`cat /tmp/partIdx` bs=1024 conv=fsync count=1024">clear misc</CMD>
	<CMD state="Updater" type="push" body="$ echo `gdisk -l /dev/mmcblk%mmc% | grep -w presistdata | awk '{print $1}'` > /tmp/partIdx">find presistdata</CMD>
	<CMD state="Updater" type="push" body="$ dd if=/dev/zero of=/dev/mmcblk%mmc%p`cat /tmp/partIdx` bs=1024 conv=fsync count=1024">clear presistdata</CMD>

	<!-- burn uboot -->
	<CMD state="Updater" type="push" body="send" file="files/android/%folder%/u-boot-imx%soc%%plus%%ldo%.imx">Sending u-boot.bin</CMD>
	<CMD state="Updater" type="push" body="$ dd if=/dev/zero of=/dev/mmcblk%mmc% bs=1k seek=768 conv=fsync count=136">clear u-boot arg</CMD>
	<CMD state="Updater" type="push" body="$ dd if=$FILE of=/dev/mmcblk%mmc% bs=1k seek=1 conv=fsync">write u-boot.bin to sd card</CMD>


	<CMD state="Updater" type="push" body="$ sync">Sync file system</CMD>
	<CMD state="Updater" type="push" body="frf">Finishing rootfs write</CMD>

	<CMD state="Updater" type="push" body="$ echo Update Complete!">Done</CMD>

</LIST>
<LIST name="eMMC-Android" desc="Choose eMMC as media">
	<CMD state="BootStrap" type="boot" body="BootStrap" file ="firmware/u-boot-imx6q%plus%%board%_sd.imx" ifdev="MX6Q">Loading U-boot</CMD>
	<CMD state="BootStrap" type="boot" body="BootStrap" file ="firmware/u-boot-imx6dl%board%_sd.imx" ifdev="MX6D">Loading U-boot</CMD>
	<CMD state="BootStrap" type="boot" body="BootStrap" file ="firmware/u-boot-imx6sx%board%_emmc.imx" ifdev="MX6SX">Loading U-boot</CMD>
	<CMD state="BootStrap" type="boot" body="BootStrap" file ="firmware/u-boot-imx7d%7duboot%_sd.imx" ifdev="MX7D">Loading U-boot</CMD>
	<CMD state="BootStrap" type="boot" body="BootStrap" file ="firmware/u-boot-imx6ul%6uluboot%_emmc.imx" ifdev="MX6UL">Loading U-boot</CMD>

	<CMD state="BootStrap" type="load" file="firmware/zImage" address="0x12000000"
		loadSection="OTH" setSection="OTH" HasFlashHeader="FALSE" ifdev="MX6Q MX6D">Loading Kernel.</CMD>
	<CMD state="BootStrap" type="load" file="firmware/zImage" address="0x80800000"
		loadSection="OTH" setSection="OTH" HasFlashHeader="FALSE" ifdev="MX6SL MX6SX MX7D MX6UL">Loading Kernel.</CMD>

	<CMD state="BootStrap" type="load" file="firmware/%initramfs%" address="0x12C00000"
		loadSection="OTH" setSection="OTH" HasFlashHeader="FALSE" ifdev="MX6Q MX6D">Loading Initramfs.</CMD>
	<CMD state="BootStrap" type="load" file="firmware/%initramfs%" address="0x83800000"
		loadSection="OTH" setSection="OTH" HasFlashHeader="FALSE" ifdev="MX6SL MX6SX MX7D MX6UL">Loading Initramfs.</CMD>

	<CMD state="BootStrap" type="load" file="firmware/zImage-imx6q%plus%-%board%%ldo%.dtb" address="0x18000000"
		loadSection="OTH" setSection="OTH" HasFlashHeader="FALSE" ifdev="MX6Q">Loading device tree.</CMD>
	<CMD state="BootStrap" type="load" file="firmware/zImage-imx6dl-%board%%ldo%.dtb" address="0x18000000"
		loadSection="OTH" setSection="OTH" HasFlashHeader="FALSE" ifdev="MX6D">Loading device tree.</CMD>

	<CMD state="BootStrap" type="jump" > Jumping to OS image. </CMD>

	<!-- wait /dev/mmcblk%mmc% ready -->
	<CMD state="Updater" type="push" body="$ while [ ! -e /dev/mmcblk%mmc% ]; do sleep 1; echo waiting...; done ">Waiting for the mmc ready</CMD>

	<!-- burn uboot -->
	<CMD state="Updater" type="push" body="$ dd if=/dev/zero of=/dev/mmcblk%mmc% bs=1k seek=768 conv=fsync count=136">clear u-boot arg</CMD>
	<CMD state="Updater" type="push" body="$ echo 0 > /sys/block/mmcblk%mmc%boot0/force_ro">access boot partition 1</CMD>

	<CMD state="Updater" type="push" body="send" file="files/android/%folder%/u-boot-imx%soc%%plus%%ldo%.imx" >Sending u-boot.bin</CMD>

	<CMD state="Updater" type="push" body="$ dd if=$FILE of=/dev/mmcblk%mmc%boot0 bs=512 seek=2">write U-Boot to sd card</CMD>
	<CMD state="Updater" type="push" body="$ echo 1 > /sys/block/mmcblk%mmc%boot0/force_ro"> re-enable read-only access </CMD>
	<CMD state="Updater" type="push" body="$ mmc bootpart enable 1 1 /dev/mmcblk%mmc%">enable boot partion 1 to boot</CMD>
	<CMD state="Updater" type="push" body="$ ls -l /dev/mmc* ">Formatting sd partition</CMD>

	<CMD state="Updater" type="push" body="send" file="files/android/%folder%/partition-table.img" >Sending and writting partition-table.img</CMD>
	<CMD state="Updater" type="push" body="$ dd if=$FILE of=/dev/mmcblk%mmc%">write gpt table to mmc</CMD>
	<CMD state="Updater" type="push" body="$ hdparm -z /dev/mmcblk%mmc%">Dectecting emmc partition</CMD>
	<CMD state="Updater" type="push" body="$ gdisk -l /dev/mmcblk%mmc% ">List emmc partition</CMD>

	<CMD state="Updater" type="push" body="send" file="files/android/%folder%/boot-imx%soc%%plus%%ldo%.img" >Sending and writting boot.img</CMD>
	<CMD state="Updater" type="push" body="$ echo `gdisk -l /dev/mmcblk%mmc% | grep -w boot | awk '{print $1}'` > /tmp/partIdx">find boot partition</CMD>
	<CMD state="Updater" type="push" body="$ dd if=$FILE of=/dev/mmcblk%mmc%p`cat /tmp/partIdx`">write boot.img to boot</CMD>

	<CMD state="Updater" type="push" body="$ ls -l /dev/mmc* ">List partitions</CMD>
	<CMD state="Updater" type="push" body="$ echo `gdisk -l /dev/mmcblk%mmc% | grep -w cache | awk '{print $1}'` > /tmp/partIdx">find cache partition</CMD>
	<CMD state="Updater" type="push" body="$ mkfs.ext4 -F -E nodiscard /dev/mmcblk%mmc%p`cat /tmp/partIdx`">Formatting cache partition</CMD>
	<CMD state="Updater" type="push" body="$ echo `gdisk -l /dev/mmcblk%mmc% | grep -w userdata | awk '{print $1}'` > /tmp/partIdx">find data partition</CMD>
	<CMD state="Updater" type="push" body="$ mkfs.ext4 -F -E nodiscard -b 4096 -m 0 -O ^flex_bg,^uninit_bg /dev/mmcblk%mmc%p`cat /tmp/partIdx`">Formatting data partition</CMD>

	<CMD state="Updater" type="push" body="$ mount -o remount,size=1024M rootfs /">change size of tmpfs</CMD>
	<CMD state="Updater" type="push" body="send" file="files/android/%folder%/system.img" >Sending system.img</CMD>
	<CMD state="Updater" type="push" body="$ echo `gdisk -l /dev/mmcblk%mmc% | grep -w system | awk '{print $1}'` > /tmp/partIdx">find system</CMD>
	<CMD state="Updater" type="push" body="$ simg2img $FILE /dev/mmcblk%mmc%p`cat /tmp/partIdx`">writting sparse system.img</CMD>

	<CMD state="Updater" type="push" body="send" file="files/android/%folder%/vendor.img" >Sending vendor.img</CMD>
	<CMD state="Updater" type="push" body="$ echo `gdisk -l /dev/mmcblk%mmc% | grep -w vendor | awk '{print $1}'` > /tmp/partIdx">find vendor</CMD>
	<CMD state="Updater" type="push" body="$ simg2img $FILE /dev/mmcblk%mmc%p`cat /tmp/partIdx`">writting sparse vendor.img</CMD>

	<CMD state="Updater" type="push" body="send" file="files/android/%folder%/recovery-imx%soc%%plus%%ldo%.img">Sending and writting recovery.img</CMD>
	<CMD state="Updater" type="push" body="$ echo `gdisk -l /dev/mmcblk%mmc% | grep -w 'recovery$' | awk '{print $1}'` > /tmp/partIdx">find recovery partition</CMD>
	<CMD state="Updater" type="push" body="$ dd if=$FILE of=/dev/mmcblk%mmc%p`cat /tmp/partIdx`">write recovery.img to recovery partition</CMD>

	<CMD state="Updater" type="push" body="send" file="files/android/%folder%/vbmeta-imx%soc%%plus%%ldo%.img">Sending and writting vbmeta.img</CMD>
	<CMD state="Updater" type="push" body="$ echo `gdisk -l /dev/mmcblk%mmc% | grep -w 'vbmeta$' | awk '{print $1}'` > /tmp/partIdx">find vbmeta partition</CMD>
	<CMD state="Updater" type="push" body="$ dd if=$FILE of=/dev/mmcblk%mmc%p`cat /tmp/partIdx`">write vbmeta.img to vbmeta partition</CMD>

	<CMD state="Updater" type="push" body="$ echo `gdisk -l /dev/mmcblk%mmc% | grep -w fbmisc | awk '{print $1}'` > /tmp/partIdx">find misc</CMD>
	<CMD state="Updater" type="push" body="$ dd if=/dev/zero of=/dev/mmcblk%mmc%p`cat /tmp/partIdx` bs=1024 conv=fsync count=1024">clear misc</CMD>
	<CMD state="Updater" type="push" body="$ echo `gdisk -l /dev/mmcblk%mmc% | grep -w presistdata | awk '{print $1}'` > /tmp/partIdx">find presistdata</CMD>
	<CMD state="Updater" type="push" body="$ dd if=/dev/zero of=/dev/mmcblk%mmc%p`cat /tmp/partIdx` bs=1024 conv=fsync count=1024">clear presistdata</CMD>

	<CMD state="Updater" type="push" body="$ sync">Sync file system</CMD>
	<CMD state="Updater" type="push" body="frf">Finishing rootfs write</CMD>

	<CMD state="Updater" type="push" body="$ echo Update Complete!">Done</CMD>

</LIST>
<LIST name="Nand-Android" desc="Choose NAND as media">
	<CMD state="BootStrap" type="boot" body="BootStrap" file ="firmware/u-boot-imx6q%plus%%board%_%nand%.imx" ifdev="MX6Q">Loading U-boot</CMD>
	<CMD state="BootStrap" type="boot" body="BootStrap" file ="firmware/u-boot-imx6dl%board%_%nand%.imx" ifdev="MX6D">Loading U-boot</CMD>
	<CMD state="BootStrap" type="boot" body="BootStrap" file ="firmware/u-boot-imx6sx%sxuboot%_%nand%.imx" ifdev="MX6SX">Loading U-boot</CMD>
	<CMD state="BootStrap" type="boot" body="BootStrap" file ="firmware/u-boot-imx7d%7duboot%_%nand%.imx" ifdev="MX7D">Loading U-boot</CMD>
	<CMD state="BootStrap" type="boot" body="BootStrap" file ="firmware/u-boot-imx6ul%6uluboot%_%nand%.imx" ifdev="MX6UL">Loading U-boot</CMD>

	<CMD state="BootStrap" type="load" file="firmware/zImage" address="0x12000000"
		loadSection="OTH" setSection="OTH" HasFlashHeader="FALSE" ifdev="MX6Q MX6D">Loading Kernel.</CMD>
	<CMD state="BootStrap" type="load" file="firmware/zImage" address="0x80800000"
		loadSection="OTH" setSection="OTH" HasFlashHeader="FALSE" ifdev="MX6SL MX6SX MX7D MX6UL">Loading Kernel.</CMD>

	<CMD state="BootStrap" type="load" file="firmware/%initramfs%" address="0x12C00000"
		loadSection="OTH" setSection="OTH" HasFlashHeader="FALSE" ifdev="MX6Q MX6D">Loading Initramfs.</CMD>
	<CMD state="BootStrap" type="load" file="firmware/%initramfs%" address="0x83800000"
				loadSection="OTH" setSection="OTH" HasFlashHeader="FALSE" ifdev="MX6SL MX6SX MX7D MX6UL">Loading Initramfs.</CMD>

	<CMD state="BootStrap" type="load" file="firmware/zImage-imx6q%plus%-%board%-%nanddtb%.dtb" address="0x18000000"
		loadSection="OTH" setSection="OTH" HasFlashHeader="FALSE" ifdev="MX6Q">Loading device tree.</CMD>
	<CMD state="BootStrap" type="load" file="firmware/zImage-imx6dl-%board%-%nanddtb%.dtb" address="0x18000000"
		loadSection="OTH" setSection="OTH" HasFlashHeader="FALSE" ifdev="MX6D">Loading device tree.</CMD>
	<CMD state="BootStrap" type="load" file="firmware/zImage-imx6sx-%sxdtb%-%nanddtb%.dtb" address="0x83000000"
				loadSection="OTH" setSection="OTH" HasFlashHeader="FALSE" ifdev="MX6SX">Loading device tree.</CMD>
	<CMD state="BootStrap" type="load" file="firmware/zImage-imx7d-%7ddtb%-%nanddtb%.dtb" address="0x83000000"
				loadSection="OTH" setSection="OTH" HasFlashHeader="FALSE" ifdev="MX7D">Loading device tree.</CMD>
	<CMD state="BootStrap" type="load" file="firmware/zImage-imx6ul-%6uldtb%-%nanddtb%.dtb" address="0x83000000"
		loadSection="OTH" setSection="OTH" HasFlashHeader="FALSE" ifdev="MX6UL">Loading device tree.</CMD>

	<CMD state="BootStrap" type="jump" > Jumping to OS image. </CMD>
	
	<CMD state="Updater" type="push" body="$ ls -l /dev/mtd*">List MTD partition</CMD>
	<CMD state="Updater" type="push" body="$ cat /proc/mtd ">Cat MTD partition</CMD>
	<CMD state="Updater" type="push" body="$ mount -t debugfs debugfs /sys/kernel/debug">Mounting debugfs</CMD>
	<CMD state="Updater" type="push" body="$ flash_erase /dev/mtd2 0 0">Erasing Boot partition</CMD>
	
	<CMD state="Updater" type="push" body="send" file="files/android/%folder%/u-boot-imx%soc%%plus%-nand.imx">Sending U-Boot</CMD>
	
	<CMD state="Updater" type="push" body="$ kobs-ng init -x -v --chip_0_device_path=/dev/mtd2 $FILE">write U-Boot to NAND</CMD>
	<CMD state="Updater" type="push" body="frf">Finishing U-Boot write</CMD>
	<CMD state="Updater" type="push" body="$ flash_erase /dev/mtd3 0 0">Erasing Kernel partition</CMD>
	<CMD state="Updater" type="push" body="frf">Finishing Kernel partition Erasing</CMD>
	<CMD state="Updater" type="push" body="send" file="files/android/%folder%/boot-imx%soc%%plus%-nand.img">Sending and writting boot.img</CMD>
	<CMD state="Updater" type="push" body="$ nandwrite -p /dev/mtd3 $FILE">Flashing Kernel</CMD>
	<CMD state="Updater" type="push" body="frf">Finishing Kernel write</CMD>
	<CMD state="Updater" type="push" body="$ flash_erase /dev/mtd4 0 0">Erasing Recovery partition</CMD>
	<CMD state="Updater" type="push" body="frf">Finishing Recovery partition Erasing</CMD>
	<CMD state="Updater" type="push" body="send" file="files/android/%folder%/recovery-imx%soc%%plus%-nand.img">Sending recovery Image</CMD>
	<CMD state="Updater" type="push" body="$ nandwrite -p /dev/mtd4 $FILE">Flashing recovery</CMD>
	<CMD state="Updater" type="push" body="frf">Finishing recovery write</CMD>
	<CMD state="Updater" type="push" body="pipe ubiformat -y /dev/mtd6 -f - -S @FILESIZE"
		file="files/android/%folder%/android_root.img"> Programming Android Root partition </CMD>
	<CMD state="Updater" type="push" body="frf">Finishing Android Root partition write</CMD>
	<CMD state="Updater" type="push" body="$ ubiattach /dev/ubi_ctrl -m 6">Attaching UBI partition</CMD>
	<CMD state="Updater" type="push" body="$ echo Update Complete!">Done</CMD>
</LIST>
<LIST name="SDCard-Brillo" desc="Choose SD Card as media">
	<CMD state="BootStrap" type="boot" body="BootStrap" file ="firmware/u-boot-imx6q%plus%%board%_sd.imx" ifdev="MX6Q">Loading U-boot</CMD>
	<CMD state="BootStrap" type="boot" body="BootStrap" file ="firmware/u-boot-imx6dl%board%_sd.imx" ifdev="MX6D">Loading U-boot</CMD>
	<CMD state="BootStrap" type="boot" body="BootStrap" file ="firmware/u-boot-imx6slevk_sd.imx" ifdev="MX6SL">Loading U-boot</CMD>
	<CMD state="BootStrap" type="boot" body="BootStrap" file ="firmware/u-boot-imx6sx%sxuboot%_sd.imx" ifdev="MX6SX">Loading U-boot</CMD>
	<CMD state="BootStrap" type="boot" body="BootStrap" file ="firmware/u-boot-imx7d%7duboot%_sd.imx" ifdev="MX7D">Loading U-boot</CMD>
	<CMD state="BootStrap" type="boot" body="BootStrap" file ="firmware/u-boot-imx6ul%6uluboot%_sd.imx" ifdev="MX6UL">Loading U-boot</CMD>

	<CMD state="BootStrap" type="load" file="firmware/zImage" address="0x12000000"
		loadSection="OTH" setSection="OTH" HasFlashHeader="FALSE" ifdev="MX6Q MX6D">Loading Kernel.</CMD>
	<CMD state="BootStrap" type="load" file="firmware/zImage" address="0x80800000"
		loadSection="OTH" setSection="OTH" HasFlashHeader="FALSE" ifdev="MX6SL MX6SX MX7D MX6UL">Loading Kernel.</CMD>

	<CMD state="BootStrap" type="load" file="firmware/%initramfs%" address="0x12C00000"
		loadSection="OTH" setSection="OTH" HasFlashHeader="FALSE" ifdev="MX6Q MX6D">Loading Initramfs.</CMD>
	<CMD state="BootStrap" type="load" file="firmware/%initramfs%" address="0x83800000"
		loadSection="OTH" setSection="OTH" HasFlashHeader="FALSE" ifdev="MX6SL MX6SX MX7D MX6UL">Loading Initramfs.</CMD>

	<CMD state="BootStrap" type="load" file="firmware/zImage-imx6q%plus%-%board%%ldo%.dtb" address="0x18000000"
		loadSection="OTH" setSection="OTH" HasFlashHeader="FALSE" ifdev="MX6Q">Loading device tree.</CMD>
	<CMD state="BootStrap" type="load" file="firmware/zImage-imx6dl-%board%%ldo%.dtb" address="0x18000000"
		loadSection="OTH" setSection="OTH" HasFlashHeader="FALSE" ifdev="MX6D">Loading device tree.</CMD>
	<CMD state="BootStrap" type="load" file="firmware/zImage-imx6sl-evk%ldo%.dtb" address="0x83000000"
		loadSection="OTH" setSection="OTH" HasFlashHeader="FALSE" ifdev="MX6SL">Loading device tree.</CMD>
	<CMD state="BootStrap" type="load" file="firmware/zImage-imx6sx-%sxdtb%.dtb" address="0x83000000"
		loadSection="OTH" setSection="OTH" HasFlashHeader="FALSE" ifdev="MX6SX">Loading device tree.</CMD>
	<CMD state="BootStrap" type="load" file="firmware/zImage-imx7d-%7ddtb%.dtb" address="0x83000000"
		loadSection="OTH" setSection="OTH" HasFlashHeader="FALSE" ifdev="MX7D">Loading device tree.</CMD>
	<CMD state="BootStrap" type="load" file="firmware/zImage-imx6ul-%6uldtb%.dtb" address="0x83000000"
		loadSection="OTH" setSection="OTH" HasFlashHeader="FALSE" ifdev="MX6UL">Loading device tree.</CMD>


	<CMD state="BootStrap" type="jump" > Jumping to OS image. </CMD>

	<!-- create partition -->
	<CMD state="Updater" type="push" body="send" file="mksdcard-brillo%data_type%.sh.tar">Sending partition shell</CMD>
	<CMD state="Updater" type="push" body="$ tar xf $FILE "> Partitioning...</CMD>
	<CMD state="Updater" type="push" body="$ sh mksdcard-brillo%data_type%.sh /dev/mmcblk%mmc%"> Partitioning...</CMD>

	<!-- burn uboot -->
	<CMD state="Updater" type="push" body="send" file="files/brillo/%folder%/u-boot.imx" ifdev="MX7D MX6UL">Sending u-boot.imx</CMD>
	<CMD state="Updater" type="push" body="$ dd if=/dev/zero of=/dev/mmcblk%mmc% bs=1k seek=768 conv=fsync count=136">clear u-boot arg</CMD>
	<CMD state="Updater" type="push" body="$ dd if=$FILE of=/dev/mmcblk%mmc% bs=1k seek=1 conv=fsync">write u-boot.imx to sd card</CMD>

	<CMD state="Updater" type="push" body="$ ls -l /dev/mmc* ">Formatting sd partition</CMD>

	<CMD state="Updater" type="push" body="send" file="files/brillo/%folder%/boot.img" ifdev="MX7D MX6UL">Sending and writting boot.img</CMD>
	<CMD state="Updater" type="push" body="$ dd if=$FILE of=/dev/mmcblk%mmc%p1">write boot.img to boot_a</CMD>

	<CMD state="Updater" type="push" body="send" file="files/brillo/%folder%/boot.img" ifdev="MX7D MX6UL">Sending and writting boot.img</CMD>
	<CMD state="Updater" type="push" body="$ dd if=$FILE of=/dev/mmcblk%mmc%p7">write boot.img to boot_b</CMD>

	<CMD state="Updater" type="push" body="$ mkfs.ext4 /dev/mmcblk%mmc%p5">Formatting system_a partition</CMD>
	<CMD state="Updater" type="push" body="$ mkfs.ext4 /dev/mmcblk%mmc%p8">Formatting system_b partition</CMD>
	<CMD state="Updater" type="push" body="$ mkfs.ext4 /dev/mmcblk%mmc%p4">Formatting data partition</CMD>

    <CMD state="Updater" type="push" body="$ mount -o remount,size=512M rootfs /">change size of tmpfs</CMD>
    <CMD state="Updater" type="push" body="send" file="files/brillo/%folder%/system.img" ifdev="MX7D MX6UL">Sending system.img</CMD>
    <CMD state="Updater" type="push" body="$ simg2img $FILE /dev/mmcblk%mmc%p5">writting sparse system.img to system_a</CMD>
	<CMD state="Updater" type="push" body="send" file="files/brillo/%folder%/system.img" ifdev="MX7D MX6UL">Sending system.img</CMD>
    <CMD state="Updater" type="push" body="$ simg2img $FILE /dev/mmcblk%mmc%p8">writting sparse system.img to system_b</CMD>
	<CMD state="Updater" type="push" body="send" file="files/brillo/%folder%/misc.img" ifdev="MX7D MX6UL">Sending misc.img</CMD>
    <CMD state="Updater" type="push" body="$ dd if=$FILE of=/dev/mmcblk%mmc%p9">writting misc.img</CMD>

	<CMD state="Updater" type="push" body="$ sync">Sync file system</CMD>
	<CMD state="Updater" type="push" body="frf">Finishing rootfs write</CMD>

	<CMD state="Updater" type="push" body="$ echo Update Complete!">Done</CMD>
</LIST>
<LIST name="eMMC-Brillo" desc="Choose eMMC as media">
	<CMD state="BootStrap" type="boot" body="BootStrap" file ="firmware/u-boot-imx6ul%6uluboot%_emmc.imx" ifdev="MX6UL">Loading U-boot</CMD>
	<CMD state="BootStrap" type="boot" body="BootStrap" file ="firmware/u-boot-imx7d%7duboot%_sd.imx" ifdev="MX7D">Loading U-boot</CMD>

	<CMD state="BootStrap" type="load" file="firmware/zImage" address="0x12000000"
		loadSection="OTH" setSection="OTH" HasFlashHeader="FALSE" ifdev="MX6Q MX6D">Loading Kernel.</CMD>
	<CMD state="BootStrap" type="load" file="firmware/zImage" address="0x80800000"
		loadSection="OTH" setSection="OTH" HasFlashHeader="FALSE" ifdev="MX6SL MX6SX MX7D MX6UL">Loading Kernel.</CMD>

	<CMD state="BootStrap" type="load" file="firmware/%initramfs%" address="0x12C00000"
		loadSection="OTH" setSection="OTH" HasFlashHeader="FALSE" ifdev="MX6Q MX6D">Loading Initramfs.</CMD>
	<CMD state="BootStrap" type="load" file="firmware/%initramfs%" address="0x83800000"
		loadSection="OTH" setSection="OTH" HasFlashHeader="FALSE" ifdev="MX6SL MX6SX MX7D MX6UL">Loading Initramfs.</CMD>

	<CMD state="BootStrap" type="load" file="firmware/zImage-imx6ul-%6uldtb%-emmc.dtb" address="0x83000000"
		loadSection="OTH" setSection="OTH" HasFlashHeader="FALSE" ifdev="MX6UL">Loading device tree.</CMD>
	<CMD state="BootStrap" type="load" file="firmware/zImage-imx7d-%7ddtb%.dtb" address="0x83000000"
		loadSection="OTH" setSection="OTH" HasFlashHeader="FALSE" ifdev="MX7D">Loading device tree.</CMD>

	<CMD state="BootStrap" type="jump" > Jumping to OS image. </CMD>

	<!-- wait /dev/mmcblk%mmc% ready -->
	<CMD state="Updater" type="push" body="$ while [ ! -e /dev/mmcblk%mmc% ]; do sleep 1; echo waiting...; done ">Waiting for the mmc ready</CMD>

	<!-- burn uboot -->
	<CMD state="Updater" type="push" body="send" file="files/brillo/%folder%/u-boot.imx" ifdev="MX7D MX6UL">Sending u-boot.imx</CMD>
	<CMD state="Updater" type="push" body="$ echo 0 > /sys/block/mmcblk%mmc%boot0/force_ro">access boot partition 1</CMD>
	<CMD state="Updater" type="push" body="$ dd if=/dev/zero of=/dev/mmcblk%mmc%boot0 bs=1k seek=768 conv=fsync count=136">clear u-boot arg</CMD>
	<CMD state="Updater" type="push" body="$ dd if=$FILE of=/dev/mmcblk%mmc%boot0 bs=512 seek=2">write U-Boot to sd card</CMD>
	<CMD state="Updater" type="push" body="$ echo 1 > /sys/block/mmcblk%mmc%boot0/force_ro"> re-enable read-only access </CMD>
	<CMD state="Updater" type="push" body="$ mmc bootpart enable 1 1 /dev/mmcblk%mmc%">enable boot partion 1 to boot</CMD>

	<CMD state="Updater" type="push" body="send" file="files/brillo/%folder%/partition-table.img" ifdev="MX7D MX6UL">Sending and writting partition-table.img</CMD>
	<CMD state="Updater" type="push" body="$ dd if=$FILE of=/dev/mmcblk%mmc%">write gpt table to mmc</CMD>
	<CMD state="Updater" type="push" body="$ hdparm -z /dev/mmcblk%mmc%">Dectecting emmc partition</CMD>
	<CMD state="Updater" type="push" body="$ gdisk -l /dev/mmcblk%mmc% ">Formatting emmc partition</CMD>
	<CMD state="Updater" type="push" body="$ ls -l /dev/mmc*">Show emmc partition</CMD>

	<CMD state="Updater" type="push" body="send" file="files/brillo/%folder%/boot.img" ifdev="MX7D MX6UL">Sending and writting boot.img</CMD>
	<CMD state="Updater" type="push" body="$ echo `gdisk -l /dev/mmcblk%mmc% | grep -w boot_a | awk '{print $1}'` > /tmp/partIdx">find boot_a</CMD>
	<CMD state="Updater" type="push" body="$ dd if=$FILE of=/dev/mmcblk%mmc%p`cat /tmp/partIdx`">write boot.img to boot_a</CMD>
	<CMD state="Updater" type="push" body="$ echo `gdisk -l /dev/mmcblk%mmc% | grep -w boot_b | awk '{print $1}'` > /tmp/partIdx">find boot_b</CMD>
	<CMD state="Updater" type="push" body="$ dd if=$FILE of=/dev/mmcblk%mmc%p`cat /tmp/partIdx`">write boot.img to boot_b</CMD>

	<CMD state="Updater" type="push" body="$ mount -o remount,size=512M rootfs /">change size of tmpfs</CMD>

	<CMD state="Updater" type="push" body="send" file="files/brillo/%folder%/system.img" ifdev="MX7D MX6UL">Sending system.img</CMD>
	<CMD state="Updater" type="push" body="$ echo `gdisk -l /dev/mmcblk%mmc% | grep -w system_a | awk '{print $1}'` > /tmp/partIdx">find system_a</CMD>
	<CMD state="Updater" type="push" body="$ simg2img $FILE /dev/mmcblk%mmc%p`cat /tmp/partIdx`">writting sparse system.img to system_a</CMD>
	<CMD state="Updater" type="push" body="$ echo `gdisk -l /dev/mmcblk%mmc% | grep -w system_b | awk '{print $1}'` > /tmp/partIdx">find system_b</CMD>
	<CMD state="Updater" type="push" body="$ simg2img $FILE /dev/mmcblk%mmc%p`cat /tmp/partIdx`">writting sparse system.img to system_b</CMD>

	<CMD state="Updater" type="push" body="send" file="files/brillo/%folder%/userdata.img" ifdev="MX7D MX6UL">Sending userdata.img</CMD>
	<CMD state="Updater" type="push" body="$ echo `gdisk -l /dev/mmcblk%mmc% | grep -w userdata | awk '{print $1}'` > /tmp/partIdx">find userdata</CMD>
	<CMD state="Updater" type="push" body="$ simg2img $FILE /dev/mmcblk%mmc%p`cat /tmp/partIdx`">writting sparse userdata.img to data</CMD>

	<CMD state="Updater" type="push" body="$ echo `gdisk -l /dev/mmcblk%mmc% | grep -w misc | awk '{print $1}'` > /tmp/partIdx">find misc</CMD>
	<CMD state="Updater" type="push" body="$ dd if=/dev/zero of=/dev/mmcblk%mmc%p`cat /tmp/partIdx` bs=1024 conv=fsync count=1024">clear misc</CMD>
	<CMD state="Updater" type="push" body="$ sync">Sync file system</CMD>
	<CMD state="Updater" type="push" body="frf">Finishing rootfs write</CMD>

	<CMD state="Updater" type="push" body="$ echo Update Complete!">Done</CMD>
</LIST>
<LIST name="eMMC-Brillo-uboot" desc="Choose eMMC as media">
	<CMD state="BootStrap" type="boot" body="BootStrap" file ="firmware/u-boot-imx6ul%6uluboot%_emmc.imx" ifdev="MX6UL">Loading U-boot</CMD>
	<CMD state="BootStrap" type="boot" body="BootStrap" file ="firmware/u-boot-imx7d%7duboot%_sd.imx" ifdev="MX7D">Loading U-boot</CMD>

	<CMD state="BootStrap" type="load" file="firmware/zImage" address="0x12000000"
		loadSection="OTH" setSection="OTH" HasFlashHeader="FALSE" ifdev="MX6Q MX6D">Loading Kernel.</CMD>
	<CMD state="BootStrap" type="load" file="firmware/zImage" address="0x80800000"
		loadSection="OTH" setSection="OTH" HasFlashHeader="FALSE" ifdev="MX6SL MX6SX MX7D MX6UL">Loading Kernel.</CMD>

	<CMD state="BootStrap" type="load" file="firmware/%initramfs%" address="0x12C00000"
		loadSection="OTH" setSection="OTH" HasFlashHeader="FALSE" ifdev="MX6Q MX6D">Loading Initramfs.</CMD>
	<CMD state="BootStrap" type="load" file="firmware/%initramfs%" address="0x83800000"
		loadSection="OTH" setSection="OTH" HasFlashHeader="FALSE" ifdev="MX6SL MX6SX MX7D MX6UL">Loading Initramfs.</CMD>

	<CMD state="BootStrap" type="load" file="firmware/zImage-imx6ul-%6uldtb%-emmc.dtb" address="0x83000000"
		loadSection="OTH" setSection="OTH" HasFlashHeader="FALSE" ifdev="MX6UL">Loading device tree.</CMD>
	<CMD state="BootStrap" type="load" file="firmware/zImage-imx7d-%7ddtb%.dtb" address="0x83000000"
		loadSection="OTH" setSection="OTH" HasFlashHeader="FALSE" ifdev="MX7D">Loading device tree.</CMD>

	<CMD state="BootStrap" type="jump" > Jumping to OS image. </CMD>

	<!-- wait /dev/mmcblk%mmc% ready -->
	<CMD state="Updater" type="push" body="$ while [ ! -e /dev/mmcblk%mmc% ]; do sleep 1; echo waiting...; done ">Waiting for the mmc ready</CMD>

	<!-- burn uboot -->
	<CMD state="Updater" type="push" body="send" file="files/brillo/%folder%/u-boot.imx" ifdev="MX7D MX6UL">Sending u-boot.imx</CMD>
	<CMD state="Updater" type="push" body="$ echo 0 > /sys/block/mmcblk%mmc%boot0/force_ro">access boot partition 1</CMD>
	<CMD state="Updater" type="push" body="$ dd if=/dev/zero of=/dev/mmcblk%mmc%boot0 bs=1k seek=768 conv=fsync count=136">clear u-boot arg</CMD>
	<CMD state="Updater" type="push" body="$ dd if=$FILE of=/dev/mmcblk%mmc%boot0 bs=512 seek=2">write U-Boot to sd card</CMD>
	<CMD state="Updater" type="push" body="$ echo 1 > /sys/block/mmcblk%mmc%boot0/force_ro"> re-enable read-only access </CMD>
	<CMD state="Updater" type="push" body="$ mmc bootpart enable 1 1 /dev/mmcblk%mmc%">enable boot partion 1 to boot</CMD>

	<!-- clear emmc -->
	<CMD state="Updater" type="push" body="$ blkdiscard /dev/mmcblk%mmc%">clear emmc</CMD>

	<CMD state="Updater" type="push" body="$ sync">Sync file system</CMD>
	<CMD state="Updater" type="push" body="$ echo Update Complete!">Done</CMD>
</LIST>
<LIST name="eMMC-Brillo-6dl" desc="Choose eMMC as media">
	<CMD state="BootStrap" type="boot" body="BootStrap" file ="firmware/u-boot-imx6dl%6dluboot%_emmc.imx" ifdev="MX6D">Loading U-boot</CMD>

	<CMD state="BootStrap" type="load" file="firmware/zImage" address="0x12000000"
		loadSection="OTH" setSection="OTH" HasFlashHeader="FALSE" ifdev="MX6Q MX6D">Loading Kernel.</CMD>

	<CMD state="BootStrap" type="load" file="firmware/%initramfs%" address="0x12C00000"
		loadSection="OTH" setSection="OTH" HasFlashHeader="FALSE" ifdev="MX6Q MX6D">Loading Initramfs.</CMD>

	<CMD state="BootStrap" type="load" file="firmware/zImage-imx6dl-%6dldtb%.dtb" address="0x18000000"
		loadSection="OTH" setSection="OTH" HasFlashHeader="FALSE" ifdev="MX6D">Loading device tree.</CMD>

	<CMD state="BootStrap" type="jump" > Jumping to OS image. </CMD>

	<!-- burn uboot -->
	<CMD state="Updater" type="push" body="send" file="files/brillo/%folder%/u-boot.imx" ifdev="MX6D">Sending u-boot.imx</CMD>
	<CMD state="Updater" type="push" body="$ echo 0 > /sys/block/mmcblk%mmc%boot0/force_ro">access boot partition 1</CMD>
	<CMD state="Updater" type="push" body="$ dd if=/dev/zero of=/dev/mmcblk%mmc%boot0 bs=1k seek=768 conv=fsync count=8">clear u-boot arg</CMD>
	<CMD state="Updater" type="push" body="$ dd if=$FILE of=/dev/mmcblk%mmc%boot0 bs=512 seek=2">write U-Boot to sd card</CMD>
	<CMD state="Updater" type="push" body="$ echo 1 > /sys/block/mmcblk%mmc%boot0/force_ro"> re-enable read-only access </CMD>
	<CMD state="Updater" type="push" body="$ mmc bootpart enable 1 1 /dev/mmcblk%mmc%">enable boot partion 1 to boot</CMD>

	<CMD state="Updater" type="push" body="send" file="files/brillo/%folder%/partition-table.img" ifdev="MX6D">Sending and writting partition-table.img</CMD>
	<CMD state="Updater" type="push" body="$ dd if=$FILE of=/dev/mmcblk%mmc%">write gpt table to mmc</CMD>
	<CMD state="Updater" type="push" body="$ hdparm -z /dev/mmcblk%mmc%">Dectecting emmc partition</CMD>
	<CMD state="Updater" type="push" body="$ gdisk -l /dev/mmcblk%mmc% ">Formatting emmc partition</CMD>
	<CMD state="Updater" type="push" body="$ ls -l /dev/mmc*">Show emmc partition</CMD>

	<CMD state="Updater" type="push" body="send" file="files/brillo/%folder%/boot.img" ifdev="MX6D">Sending and writting boot.img</CMD>
	<CMD state="Updater" type="push" body="$ echo `gdisk -l /dev/mmcblk%mmc% | grep -w boot_a | awk '{print $1}'` > /tmp/partIdx">find boot_a</CMD>
	<CMD state="Updater" type="push" body="$ dd if=$FILE of=/dev/mmcblk%mmc%p`cat /tmp/partIdx`">write boot.img to boot_a</CMD>
	<CMD state="Updater" type="push" body="$ echo `gdisk -l /dev/mmcblk%mmc% | grep -w boot_b | awk '{print $1}'` > /tmp/partIdx">find boot_b</CMD>
	<CMD state="Updater" type="push" body="$ dd if=$FILE of=/dev/mmcblk%mmc%p`cat /tmp/partIdx`">write boot.img to boot_b</CMD>

	<CMD state="Updater" type="push" body="$ mount -o remount,size=512M rootfs /">change size of tmpfs</CMD>

	<CMD state="Updater" type="push" body="send" file="files/brillo/%folder%/system.img" ifdev="MX6D">Sending system.img</CMD>
	<CMD state="Updater" type="push" body="$ echo `gdisk -l /dev/mmcblk%mmc% | grep -w system_a | awk '{print $1}'` > /tmp/partIdx">find system_a</CMD>
	<CMD state="Updater" type="push" body="$ simg2img $FILE /dev/mmcblk%mmc%p`cat /tmp/partIdx`">writting sparse system.img to system_a</CMD>
	<CMD state="Updater" type="push" body="$ echo `gdisk -l /dev/mmcblk%mmc% | grep -w system_b | awk '{print $1}'` > /tmp/partIdx">find system_b</CMD>
	<CMD state="Updater" type="push" body="$ simg2img $FILE /dev/mmcblk%mmc%p`cat /tmp/partIdx`">writting sparse system.img to system_b</CMD>

	<CMD state="Updater" type="push" body="send" file="files/brillo/%folder%/userdata.img" ifdev="MX6D">Sending userdata.img</CMD>
	<CMD state="Updater" type="push" body="$ echo `gdisk -l /dev/mmcblk%mmc% | grep -w userdata | awk '{print $1}'` > /tmp/partIdx">find userdata</CMD>
	<CMD state="Updater" type="push" body="$ simg2img $FILE /dev/mmcblk%mmc%p`cat /tmp/partIdx`">writting sparse userdata.img to data</CMD>

	<CMD state="Updater" type="push" body="$ echo `gdisk -l /dev/mmcblk%mmc% | grep -w misc | awk '{print $1}'` > /tmp/partIdx">find misc</CMD>
	<CMD state="Updater" type="push" body="$ dd if=/dev/zero of=/dev/mmcblk%mmc%p`cat /tmp/partIdx` bs=1024 conv=fsync count=1024">clear misc</CMD>
	<CMD state="Updater" type="push" body="$ sync">Sync file system</CMD>
	<CMD state="Updater" type="push" body="frf">Finishing rootfs write</CMD>

	<CMD state="Updater" type="push" body="$ echo Update Complete!">Done</CMD>
</LIST>
<LIST name="eMMC-Brillo-uboot-6dl" desc="Choose eMMC as media">
	<CMD state="BootStrap" type="boot" body="BootStrap" file ="firmware/u-boot-imx6dl%6dluboot%_emmc.imx" ifdev="MX6D">Loading U-boot</CMD>

	<CMD state="BootStrap" type="load" file="firmware/zImage" address="0x12000000"
		loadSection="OTH" setSection="OTH" HasFlashHeader="FALSE" ifdev="MX6Q MX6D">Loading Kernel.</CMD>

	<CMD state="BootStrap" type="load" file="firmware/%initramfs%" address="0x12C00000"
		loadSection="OTH" setSection="OTH" HasFlashHeader="FALSE" ifdev="MX6Q MX6D">Loading Initramfs.</CMD>

	<CMD state="BootStrap" type="load" file="firmware/zImage-imx6dl-%6dldtb%.dtb" address="0x18000000"
		loadSection="OTH" setSection="OTH" HasFlashHeader="FALSE" ifdev="MX6D">Loading device tree.</CMD>

	<CMD state="BootStrap" type="jump" > Jumping to OS image. </CMD>

	<!-- burn uboot -->
	<CMD state="Updater" type="push" body="send" file="files/brillo/%folder%/u-boot.imx" ifdev="MX6D">Sending u-boot.imx</CMD>
	<CMD state="Updater" type="push" body="$ echo 0 > /sys/block/mmcblk%mmc%boot0/force_ro">access boot partition 1</CMD>
	<CMD state="Updater" type="push" body="$ dd if=/dev/zero of=/dev/mmcblk%mmc%boot0 bs=1k seek=768 conv=fsync count=8">clear u-boot arg</CMD>
	<CMD state="Updater" type="push" body="$ dd if=$FILE of=/dev/mmcblk%mmc%boot0 bs=512 seek=2">write U-Boot to sd card</CMD>
	<CMD state="Updater" type="push" body="$ echo 1 > /sys/block/mmcblk%mmc%boot0/force_ro"> re-enable read-only access </CMD>
	<CMD state="Updater" type="push" body="$ mmc bootpart enable 1 1 /dev/mmcblk%mmc%">enable boot partion 1 to boot</CMD>

	<!-- clear emmc -->
	<CMD state="Updater" type="push" body="$ blkdiscard /dev/mmcblk%mmc%">clear emmc</CMD>

	<CMD state="Updater" type="push" body="$ sync">Sync file system</CMD>
	<CMD state="Updater" type="push" body="$ echo Update Complete!">Done</CMD>
</LIST>
<LIST name="eMMC-Brillo-uboot-fuse" desc="Choose eMMC as media">
	<CMD state="BootStrap" type="boot" body="BootStrap" file ="firmware/u-boot-imx6ul%6uluboot%_emmc.imx" ifdev="MX6UL">Loading U-boot</CMD>
	<CMD state="BootStrap" type="boot" body="BootStrap" file ="firmware/u-boot-imx7d%7duboot%_sd.imx" ifdev="MX7D">Loading U-boot</CMD>

	<CMD state="BootStrap" type="load" file="firmware/zImage" address="0x12000000"
		loadSection="OTH" setSection="OTH" HasFlashHeader="FALSE" ifdev="MX6Q MX6D">Loading Kernel.</CMD>
	<CMD state="BootStrap" type="load" file="firmware/zImage" address="0x80800000"
		loadSection="OTH" setSection="OTH" HasFlashHeader="FALSE" ifdev="MX6SL MX6SX MX7D MX6UL">Loading Kernel.</CMD>

	<CMD state="BootStrap" type="load" file="firmware/%initramfs%" address="0x12C00000"
		loadSection="OTH" setSection="OTH" HasFlashHeader="FALSE" ifdev="MX6Q MX6D">Loading Initramfs.</CMD>
	<CMD state="BootStrap" type="load" file="firmware/%initramfs%" address="0x83800000"
		loadSection="OTH" setSection="OTH" HasFlashHeader="FALSE" ifdev="MX6SL MX6SX MX7D MX6UL">Loading Initramfs.</CMD>

	<CMD state="BootStrap" type="load" file="firmware/zImage-imx6ul-%6uldtb%-emmc.dtb" address="0x83000000"
		loadSection="OTH" setSection="OTH" HasFlashHeader="FALSE" ifdev="MX6UL">Loading device tree.</CMD>
	<CMD state="BootStrap" type="load" file="firmware/zImage-imx7d-%7ddtb%.dtb" address="0x83000000"
		loadSection="OTH" setSection="OTH" HasFlashHeader="FALSE" ifdev="MX7D">Loading device tree.</CMD>

	<CMD state="BootStrap" type="jump" > Jumping to OS image. </CMD>

	<!-- burn uboot -->
	<CMD state="Updater" type="push" body="send" file="files/brillo/%folder%/u-boot.imx" ifdev="MX7D MX6UL">Sending u-boot.imx</CMD>
	<CMD state="Updater" type="push" body="$ echo 0 > /sys/block/mmcblk%mmc%boot0/force_ro">access boot partition 1</CMD>
	<CMD state="Updater" type="push" body="$ dd if=/dev/zero of=/dev/mmcblk%mmc%boot0 bs=1k seek=768 conv=fsync count=8">clear u-boot arg</CMD>
	<CMD state="Updater" type="push" body="$ dd if=$FILE of=/dev/mmcblk%mmc%boot0 bs=512 seek=2">write U-Boot to sd card</CMD>
	<CMD state="Updater" type="push" body="$ echo 1 > /sys/block/mmcblk%mmc%boot0/force_ro"> re-enable read-only access </CMD>
	<CMD state="Updater" type="push" body="$ mmc bootpart enable 1 1 /dev/mmcblk%mmc%">enable boot partion 1 to boot</CMD>

	<!-- clear emmc -->
	<CMD state="Updater" type="push" body="$ blkdiscard /dev/mmcblk%mmc%">clear emmc</CMD>

	<CMD state="Updater" type="push" body="$ ls /sys/fsl_otp ">Showing HW_OCOTP fuse bank</CMD>
	<!-- The multa default boot mode is not "Internal Boot", fuse it -->
	<CMD state="Updater" type="push" body="$ echo 0x10002810 > /sys/fsl_otp/HW_OCOTP_BOOT_CFG0">write 0x10002810 to /sys/fsl_otp/HW_OCOTP_BOOT_CFG0 fuse bank</CMD>
	<CMD state="Updater" type="push" body="$ cat /sys/fsl_otp/HW_OCOTP_BOOT_CFG0 ">Read value from HW_OCOTP_CFG1 fuse bank</CMD>

	<CMD state="Updater" type="push" body="$ sync">Sync file system</CMD>
	<CMD state="Updater" type="push" body="$ echo Update Complete!">Done</CMD>
</LIST>
</UCL>
